Participant,Behavioral_Variable,Wellbeing_Variable,r,p,N,Included
p01,Steps,mood,0.2752060638233265,0.0303978538110089,62,Yes
p01,Steps,readiness,-0.3511816340646004,0.0051313229677499,62,Yes
p01,Steps,stress,0.430575386499875,0.000477182462988,62,Yes
p01,Exercise_Distance,readiness,-0.3038429112777757,0.0163577963954487,62,Yes
p01,Sleep_Hours,readiness,0.3552781258054373,0.0046025331652509,62,Yes
p01,Sleep_Duration_Score,mood,-0.3060528745097333,0.0155555208370207,62,Yes
p01,Sleep_Duration_Score,readiness,0.3284756110827844,0.0091461395233476,62,Yes
p01,Sleep_Duration_Score,sleep_quality,-0.3038259702156097,0.0163640807596786,62,Yes
p01,Sleep_Duration_Score,stress,-0.4574834704540815,0.0001852673129326,62,Yes
p01,Deep_Sleep_Minutes,stress,-0.2985136779834468,0.0184394762578807,62,Yes
p01,Sleep_Restlessness,sleep_quality,0.2563050832695727,0.0443463094466968,62,Yes
p01,Sleep_Restlessness,stress,0.2718895256651965,0.0325376962143834,62,Yes
p01,Sleep_Composition,sleep_quality,-0.2653681198138434,0.0371128833344492,62,Yes
p01,Sleep_Composition,stress,-0.3478122085397039,0.0056056420906713,62,Yes
p01,Sleep_Revitalization,readiness,0.2816206740269568,0.0265926003445413,62,Yes
p01,Sleep_Score,mood,-0.2974323957825204,0.0188883412203113,62,Yes
p01,Sleep_Score,readiness,0.2680782025961596,0.0351506224196169,62,Yes
p01,Sleep_Score,sleep_quality,-0.3068303376203801,0.0152814218799766,62,Yes
p01,Sleep_Score,stress,-0.454705381979552,0.0002050265829376,62,Yes
p02,Exercise_Distance,readiness,-0.4496589281825905,0.0024853932600331,43,Yes
p02,Sleep_Hours,mood,-0.3484790015077549,0.0372625632703055,36,Yes
p02,Sleep_Duration_Score,readiness,-0.4502116632920959,0.0162159069765387,28,Yes
p04,Steps,fatigue,-0.3766143032092569,0.0019870568435619,65,Yes
p04,Steps,readiness,-0.3274943783125129,0.0077450998809124,65,Yes
p04,Exercise_Count,fatigue,-0.2758695869885467,0.0261260563148593,65,Yes
p04,Exercise_Count,readiness,-0.2923445578718573,0.0181226336238576,65,Yes
p04,Exercise_Distance,fatigue,-0.2795851451103346,0.0240996507637579,65,Yes
p04,Exercise_Distance,readiness,-0.3265822486188961,0.0079277419358389,65,Yes
p04,Exercise_Calories,readiness,-0.2771896793201188,0.0253902310654537,65,Yes
p04,Sleep_Restlessness,sleep_quality,0.2688815358526567,0.0412590730696769,58,Yes
p05,Steps,mood,0.319722380380528,0.0366188841750811,43,Yes
p05,Sleep_Duration_Score,stress,-0.5352326699128421,0.0220826856297818,18,Yes
p05,Deep_Sleep_Minutes,stress,-0.5468521041215381,0.0153956306100385,19,Yes
p05,Sleep_Score,stress,-0.6812879640315762,0.0018510407753872,18,Yes
p06,Steps,readiness,-0.2950950739655429,0.0153399078784225,67,Yes
p06,Exercise_Count,stress,0.5270769603938563,4.598417324314309e-06,67,Yes
p06,Exercise_Duration,stress,0.5987036152482487,8.72463856935557e-08,67,Yes
p06,Exercise_Distance,readiness,-0.2614288891176472,0.0326034951603485,67,Yes
p06,Exercise_Distance,sleep_quality,-0.2896023597863209,0.0174507665205131,67,Yes
p06,Exercise_Calories,stress,0.5718341762701042,4.31202864001625e-07,67,Yes
p06,Sleep_Hours,stress,0.4034883953341363,0.001389856819109,60,Yes
p06,Sleep_Composition,mood,0.2854725025221034,0.0270375189628699,60,Yes
p06,Sleep_Composition,stress,-0.3820612324149526,0.0025922710581083,60,Yes
p06,Sleep_Revitalization,readiness,-0.2860889094522177,0.0266942703313707,60,Yes
p07,Exercise_Avg_HR,fatigue,-0.3905951782958967,0.0246144460549146,33,Yes
p07,Exercise_Avg_HR,stress,0.6073835163686799,0.0001779879999519,33,Yes
p07,Sleep_Duration_Score,stress,-0.3179796357070647,0.0216060539742644,52,Yes
p07,Sleep_Restlessness,readiness,-0.2990574001207138,0.0312664212134867,52,Yes
p07,Sleep_Restlessness,stress,0.2921397019502155,0.0355950168918434,52,Yes
p07,Sleep_Composition,fatigue,-0.3058975790687321,0.0274261088814821,52,Yes
p07,Sleep_Revitalization,fatigue,0.3686678427494295,0.00715963034038,52,Yes
p07,Sleep_Revitalization,stress,-0.3972908486335661,0.0035416530842163,52,Yes
p07,Sleep_Score,readiness,0.31330834049263,0.0237189030599438,52,Yes
p07,Sleep_Score,stress,-0.2863832945329861,0.0395644300707214,52,Yes
p08,Steps,readiness,0.4132298375835367,0.004782520531906,45,Yes
p08,Steps,sleep_quality,-0.3072316374621506,0.0400801498773935,45,Yes
p08,Exercise_Count,readiness,0.3432051072753049,0.0209935290279706,45,Yes
p08,Exercise_Duration,sleep_quality,-0.4105226841448728,0.0050941565402733,45,Yes
p08,Exercise_Distance,sleep_quality,-0.3533322611382563,0.0172709870980006,45,Yes
p08,Exercise_Calories,sleep_quality,-0.3906674794530915,0.0079711709440232,45,Yes
p08,Exercise_Avg_HR,fatigue,-0.4471407506128879,0.0170497405569545,28,Yes
p08,Exercise_Avg_HR,readiness,-0.3961529910299766,0.0368950174206798,28,Yes
p08,Sleep_Hours,mood,0.3487654350403592,0.0370961903321836,36,Yes
p08,Sleep_Hours,sleep_quality,0.4236444783489305,0.0100330618537085,36,Yes
p08,Sleep_Duration_Score,stress,0.3739804730286846,0.0246447781290153,36,Yes
p08,Deep_Sleep_Minutes,fatigue,0.3498051025539249,0.0364973734298375,36,Yes
p08,Deep_Sleep_Minutes,readiness,0.4604290537125667,0.0047175607446146,36,Yes
p08,Sleep_Restlessness,mood,0.348093733377004,0.0374872995649125,36,Yes
p08,Sleep_Restlessness,readiness,-0.4205378189854785,0.0106545118231007,36,Yes
p08,Sleep_Composition,stress,0.4080651254844333,0.0134889814461148,36,Yes
p08,Sleep_Revitalization,readiness,0.3999999449743994,0.0156413402929732,36,Yes
p08,Sleep_Score,stress,0.4039709804013233,0.0145480726109952,36,Yes
p09,Exercise_Count,fatigue,-0.3393709755542068,0.0242166911423044,44,Yes
p09,Sleep_Revitalization,mood,-0.5240646225618855,0.0449336572822951,15,Yes
p09,Sleep_Revitalization,readiness,-0.5472391711416188,0.0347425212767169,15,Yes
p09,Sleep_Score,readiness,-0.5437394730792566,0.0361581976526963,15,Yes
p10,Sleep_Duration_Score,readiness,-0.619916977533656,0.0238176117536083,13,Yes
p10,Sleep_Score,readiness,-0.6797265222456951,0.0105911647417148,13,Yes
p11,Steps,readiness,0.3366029049009038,0.0206975958413037,47,Yes
p11,Exercise_Count,fatigue,0.2963796670600256,0.0430871769674841,47,Yes
p11,Exercise_Count,readiness,0.3710062062655022,0.0102479009357767,47,Yes
p12,Exercise_Count,readiness,0.503891977138911,0.0020278953087446,35,Yes
p12,Exercise_Duration,readiness,0.4006185002869661,0.0170852439492497,35,Yes
p12,Exercise_Calories,readiness,0.4343778401845124,0.0091244626303068,35,Yes
p13,Exercise_Duration,readiness,0.4159696971415318,0.0309240918390379,27,Yes
p13,Exercise_Calories,readiness,0.4086184417959669,0.0343320881576155,27,Yes
p14,Steps,fatigue,-0.3340939354054811,0.0202986118906095,48,Yes
p14,Exercise_Count,readiness,0.2811738199458376,0.0375712907953546,55,Yes
p14,Exercise_Duration,fatigue,-0.28090612393023,0.0377611759787742,55,Yes
p14,Exercise_Distance,readiness,-0.4269767773081284,0.0011500665370011,55,Yes
p14,Exercise_Distance,stress,-0.3026956004532839,0.024686613677896,55,Yes
p14,Exercise_Calories,fatigue,-0.2665552149271568,0.0491633794762714,55,Yes
p14,Deep_Sleep_Minutes,stress,0.7392342724047531,0.0145613072608082,10,Yes
p15,Exercise_Count,readiness,0.3318521113425522,0.0364425422328844,40,Yes
p15,Exercise_Duration,fatigue,-0.3696077018053157,0.0189111757756526,40,Yes
p15,Exercise_Calories,fatigue,-0.398708054793176,0.0108236813284354,40,Yes
p15,Exercise_Avg_HR,fatigue,-0.4807341905005038,0.0096110938260036,28,Yes
p15,Deep_Sleep_Minutes,readiness,0.3138738662748331,0.0485725760166909,40,Yes
p15,Sleep_Composition,fatigue,0.3297992817668739,0.0376877031637218,40,Yes
p15,Sleep_Composition,readiness,0.4603810493077805,0.0027968794052026,40,Yes
p15,Sleep_Score,readiness,0.4706144790775574,0.0021795000370294,40,Yes
p16,Sleep_Composition,readiness,-0.4382659816535707,0.0222190405088675,27,Yes
p16,Sleep_Revitalization,mood,-0.4125060215607271,0.0324941975393412,27,Yes
