Participant,Behavioral_Variable,Wellness_Variable,r,p,N,Included,p_FDR,Significant_FDR
p01,Steps,fatigue,0.1030724293107829,0.3993457196629012,69,Yes,0.7031793745476698,False
p01,Steps,mood,0.071703456380314,0.5582203835599082,69,Yes,0.8149786103991473,False
p01,Steps,readiness,-0.0592178882552692,0.6288552002128172,69,Yes,0.8495723906898232,False
p01,Steps,sleep_quality,0.1244202543540784,0.3083949081261534,69,Yes,0.6268823056015843,False
p01,Steps,stress,0.1511284106659066,0.2151356569469043,69,Yes,0.5152714355192772,False
p01,Exercise_Count,fatigue,0.0436014505893672,0.7220401773206392,69,Yes,0.9066297369688201,False
p01,Exercise_Count,mood,0.0011746770185007,0.99235690951033,69,Yes,0.99235690951033,False
p01,Exercise_Count,readiness,0.1152739545889029,0.3455819815028785,69,Yes,0.6531785360153466,False
p01,Exercise_Count,sleep_quality,-0.0283792502675051,0.8169452392051549,69,Yes,0.9358137270930645,False
p01,Exercise_Count,stress,-0.0935933328691292,0.4443174883451831,69,Yes,0.7395187494049797,False
p01,Exercise_Duration,fatigue,0.0541522423267857,0.6585405254009795,69,Yes,0.8647968978229156,False
p01,Exercise_Duration,mood,-0.0335634196034099,0.784251774598713,69,Yes,0.9293731422684368,False
p01,Exercise_Duration,readiness,0.123772348197371,0.3109406548335341,69,Yes,0.6292846585916763,False
p01,Exercise_Duration,sleep_quality,0.0777937484411014,0.5251923619622664,69,Yes,0.7933034869704669,False
p01,Exercise_Duration,stress,-0.1032926987327285,0.3983335978915218,69,Yes,0.7027205925067412,False
p01,Exercise_Distance,fatigue,0.308624421450118,0.0098769301432209,69,Yes,0.10606344693671196,False
p01,Exercise_Distance,mood,0.0280980318646175,0.8187281964432515,69,Yes,0.9358137270930645,False
p01,Exercise_Distance,readiness,0.3318906533860088,0.0053368683341837,69,Yes,0.07560563473426908,False
p01,Exercise_Distance,sleep_quality,0.1554186224733255,0.2022442676204363,69,Yes,0.5096991650272451,False
p01,Exercise_Distance,stress,0.0472562173949193,0.6998048489687053,69,Yes,0.8950714670462079,False
p01,Exercise_Calories,fatigue,0.1137593396845622,0.3519990255724227,69,Yes,0.6611915782401112,False
p01,Exercise_Calories,mood,-0.028005900617843,0.8193125189991411,69,Yes,0.9358137270930645,False
p01,Exercise_Calories,readiness,0.1823544964449924,0.1336965091027298,69,Yes,0.4085171111472299,False
p01,Exercise_Calories,sleep_quality,0.1200067171678252,0.3260039355473764,69,Yes,0.6400389835772585,False
p01,Exercise_Calories,stress,-0.0929239662732213,0.4475963793703787,69,Yes,0.7417203108098389,False
p01,Exercise_Avg_HR,fatigue,0.3339445590123489,0.0203581731594342,48,Yes,0.15107057066722995,False
p01,Exercise_Avg_HR,mood,-0.0038889003306172,0.9790715282719892,48,Yes,0.9861256641056584,False
p01,Exercise_Avg_HR,readiness,0.4217254228577901,0.0028320375543337,48,Yes,0.05756424159352195,False
p01,Exercise_Avg_HR,sleep_quality,0.2016948213396267,0.1692171218646716,48,Yes,0.46534708512784695,False
p01,Exercise_Avg_HR,stress,0.0368293176504134,0.8037326485626122,48,Yes,0.935106536407568,False
p01,Sleep_Hours,fatigue,0.0030774098922045,0.9799784446890244,69,Yes,0.9861256641056584,False
p01,Sleep_Hours,mood,0.0781782546711644,0.5231404630314314,69,Yes,0.7920175620767549,False
p01,Sleep_Hours,readiness,-0.1207980665392056,0.3228005264369206,69,Yes,0.6387833365220186,False
p01,Sleep_Hours,sleep_quality,-0.0057917977731872,0.9623285264701013,69,Yes,0.9801494251084365,False
p01,Sleep_Hours,stress,-0.1082632922615353,0.3758979326695782,69,Yes,0.6798154101471094,False
p01,Sleep_Duration_Score,fatigue,0.0807330888995393,0.509609631581428,69,Yes,0.7849835346435506,False
p01,Sleep_Duration_Score,mood,0.1198790648937015,0.3265225616752431,69,Yes,0.6400389835772585,False
p01,Sleep_Duration_Score,readiness,0.0645910929783746,0.5979969497776929,69,Yes,0.8315210498251542,False
p01,Sleep_Duration_Score,sleep_quality,0.2170385899981523,0.0732386068715982,69,Yes,0.30570579207564424,False
p01,Sleep_Duration_Score,stress,-0.201435708738664,0.0969661034639025,69,Yes,0.34604315549140774,False
p01,Deep_Sleep_Minutes,fatigue,-0.1149614409444042,0.3469000198988601,69,Yes,0.6539345133174076,False
p01,Deep_Sleep_Minutes,mood,-0.0863420562355822,0.4805443207759631,69,Yes,0.7641308502134788,False
p01,Deep_Sleep_Minutes,readiness,-0.2001218148402484,0.0992107411893853,69,Yes,0.3527073878786131,False
p01,Deep_Sleep_Minutes,sleep_quality,-0.1179639153572423,0.3343662722192912,69,Yes,0.6450014048898403,False
p01,Deep_Sleep_Minutes,stress,-0.0224964393331707,0.854422390718086,69,Yes,0.9463217694014057,False
p01,Sleep_Restlessness,fatigue,-0.0477204985726547,0.6969976606746272,69,Yes,0.8950714670462079,False
p01,Sleep_Restlessness,mood,-0.0153291425210891,0.9005120754140361,69,Yes,0.9672440328944539,False
p01,Sleep_Restlessness,readiness,-0.1609902391316651,0.18633695807327,69,Yes,0.4897330538272119,False
p01,Sleep_Restlessness,sleep_quality,-0.1118216964615354,0.360315068121217,69,Yes,0.6657995823979009,False
p01,Sleep_Restlessness,stress,0.2127126756702014,0.0792957279427989,69,Yes,0.31820388680908573,False
p01,Sleep_Composition,fatigue,-0.2512803450972714,0.0372782793760385,69,Yes,0.20877858819541847,False
p01,Sleep_Composition,mood,-0.1670887761985431,0.1699837132264356,69,Yes,0.46608437497571054,False
p01,Sleep_Composition,readiness,-0.1073679805572511,0.3798817482945671,69,Yes,0.6843727064651642,False
p01,Sleep_Composition,sleep_quality,-0.2333807396876631,0.0536152740352371,69,Yes,0.26141965409616075,False
p01,Sleep_Composition,stress,-0.2132315284485985,0.0785488797004018,69,Yes,0.31800087548479855,False
p01,Sleep_Revitalization,fatigue,0.2848150516212622,0.0176928173190808,69,Yes,0.13975972782417967,False
p01,Sleep_Revitalization,mood,-0.0794147571742091,0.5165693048092697,69,Yes,0.7879156606797181,False
p01,Sleep_Revitalization,readiness,0.2804775575271953,0.0195786869599445,69,Yes,0.14644857846038487,False
p01,Sleep_Revitalization,sleep_quality,0.0234705980215349,0.8481918208706118,69,Yes,0.9452435667628392,False
p01,Sleep_Revitalization,stress,-0.0970145841785391,0.4277693206027445,69,Yes,0.7246282339455543,False
p01,Sleep_Score,fatigue,0.0835809472609641,0.4947408031835609,69,Yes,0.7800719240752605,False
p01,Sleep_Score,mood,-0.0507795289060828,0.6786045967063382,69,Yes,0.8800212176427548,False
p01,Sleep_Score,readiness,0.1383087544267152,0.2570685139744365,69,Yes,0.5668845768068351,False
p01,Sleep_Score,sleep_quality,0.0297778193287436,0.8080920656869679,69,Yes,0.935106536407568,False
p01,Sleep_Score,stress,-0.2661822116892116,0.0270544308694749,69,Yes,0.17325954015725362,False
p02,Steps,fatigue,0.0313804033486027,0.8287275170160282,50,Yes,0.9415069604009555,False
p02,Steps,mood,0.2453795545439092,0.0858735471605543,50,Yes,0.32470578554094043,False
p02,Steps,readiness,0.553478565900745,3.059230299184328e-05,50,Yes,0.002860380329737347,True
p02,Steps,sleep_quality,-0.0507637218157007,0.726263192212719,50,Yes,0.9090442901189989,False
p02,Steps,stress,0.2041652902585188,0.1549733990850307,50,Yes,0.44309096662383196,False
p02,Exercise_Count,fatigue,0.1389116068840837,0.3360071751985249,50,Yes,0.6450014048898403,False
p02,Exercise_Count,mood,0.1334491866352867,0.3555369720557434,50,Yes,0.6611915782401112,False
p02,Exercise_Count,readiness,0.266070499573437,0.061812545390984,50,Yes,0.27712031520737807,False
p02,Exercise_Count,sleep_quality,0.1065945970862141,0.4612583037414295,50,Yes,0.7517494045387234,False
p02,Exercise_Count,stress,0.0771891909934654,0.5941713927701249,50,Yes,0.8315210498251542,False
p02,Exercise_Duration,fatigue,0.028971156460666,0.8417015757692713,50,Yes,0.9441439795128967,False
p02,Exercise_Duration,mood,0.089614386636805,0.5359892994058326,50,Yes,0.7992822885876452,False
p02,Exercise_Duration,readiness,0.488601671925256,0.0003181568332435,50,Yes,0.011899065563306901,True
p02,Exercise_Duration,sleep_quality,0.0836043074536471,0.5637831588335739,50,Yes,0.8198091034360678,False
p02,Exercise_Duration,stress,0.0669789498330394,0.6439714226398727,50,Yes,0.853002957164514,False
p02,Exercise_Distance,fatigue,0.0618136245277146,0.6697862942960016,50,Yes,0.8734312205952042,False
p02,Exercise_Distance,mood,0.144426218580686,0.3169834008925167,50,Yes,0.6332894868258614,False
p02,Exercise_Distance,readiness,0.4922313508422883,0.0002824802837781,50,Yes,0.011136029351738958,True
p02,Exercise_Distance,sleep_quality,0.0883235728928511,0.5419019342208806,50,Yes,0.8055299022202279,False
p02,Exercise_Distance,stress,0.2191948041205255,0.1261640109251284,50,Yes,0.39321116738331685,False
p02,Exercise_Calories,fatigue,0.0270455486910099,0.8521013711521924,50,Yes,0.9463217694014057,False
p02,Exercise_Calories,mood,0.1335306076021934,0.3552408745938508,50,Yes,0.6611915782401112,False
p02,Exercise_Calories,readiness,0.5452740040047641,4.226391389944765e-05,50,Yes,0.0032842906937779522,True
p02,Exercise_Calories,sleep_quality,0.046908720033267,0.7463291982398162,50,Yes,0.9210961739737078,False
p02,Exercise_Calories,stress,0.067677223671793,0.6405124941877852,50,Yes,0.853002957164514,False
p02,Exercise_Avg_HR,fatigue,0.0170508564461802,0.9084243850241138,48,Yes,0.9685026225741692,False
p02,Exercise_Avg_HR,mood,0.0734826759508239,0.6196439417945147,48,Yes,0.8445584337869843,False
p02,Exercise_Avg_HR,readiness,0.2273854045818304,0.1201166019767634,48,Yes,0.3846199412612115,False
p02,Exercise_Avg_HR,sleep_quality,-0.1509338338506457,0.3058271944542184,48,Yes,0.6243415432635244,False
p02,Exercise_Avg_HR,stress,-0.0803236345925609,0.5873311958988794,48,Yes,0.8315210498251542,False
p02,Sleep_Hours,fatigue,-0.0210100948139663,0.8860613675040164,49,Yes,0.9588742808058511,False
p02,Sleep_Hours,mood,0.0489873816885418,0.7381832994360341,49,Yes,0.9178209906551754,False
p02,Sleep_Hours,readiness,0.1665456925087226,0.2527341605577307,49,Yes,0.5663118812559205,False
p02,Sleep_Hours,sleep_quality,0.0696634993883431,0.6343348803147466,49,Yes,0.852159645250414,False
p02,Sleep_Hours,stress,0.0213362073160343,0.8843048000720019,49,Yes,0.9580822573201875,False
p02,Sleep_Duration_Score,fatigue,-0.1359189392892397,0.3623169310420457,47,Yes,0.6681781667146208,False
p02,Sleep_Duration_Score,mood,-0.0890055063171685,0.5518817454065592,47,Yes,0.8131002759206215,False
p02,Sleep_Duration_Score,readiness,-0.0303687313928136,0.839418049415173,47,Yes,0.9441439795128967,False
p02,Sleep_Duration_Score,sleep_quality,-0.0311945106565468,0.83511133731745,47,Yes,0.943001407776937,False
p02,Sleep_Duration_Score,stress,-0.0801795280007646,0.5921345783145203,47,Yes,0.8315210498251542,False
p02,Deep_Sleep_Minutes,fatigue,0.1298787564769646,0.3737575477921397,49,Yes,0.6785695285158265,False
p02,Deep_Sleep_Minutes,mood,-0.1744906530124862,0.2304780446038863,49,Yes,0.5307807184843194,False
p02,Deep_Sleep_Minutes,readiness,0.0504564297679729,0.7306232343492861,49,Yes,0.9129875793061439,False
p02,Deep_Sleep_Minutes,sleep_quality,0.2347600909472789,0.1044443168565491,49,Yes,0.36438595619728886,False
p02,Deep_Sleep_Minutes,stress,-0.2258255321461786,0.1187123624315114,49,Yes,0.3827450305981488,False
p02,Sleep_Restlessness,fatigue,-0.1243718829889566,0.4048831660140239,47,Yes,0.706279403401329,False
p02,Sleep_Restlessness,mood,0.0471191790799311,0.7531344390853396,47,Yes,0.9210961739737078,False
p02,Sleep_Restlessness,readiness,0.3127221033232008,0.0323399099714763,47,Yes,0.19362729303631562,False
p02,Sleep_Restlessness,sleep_quality,0.0289759474378568,0.846692352887634,47,Yes,0.9446985082934819,False
p02,Sleep_Restlessness,stress,0.0375770806415821,0.8019942351927869,47,Yes,0.935106536407568,False
p02,Sleep_Composition,fatigue,-0.029577256498927,0.8435502195800859,47,Yes,0.9441439795128967,False
p02,Sleep_Composition,mood,-0.1117454405018789,0.4545771829747106,47,Yes,0.7469765660480746,False
p02,Sleep_Composition,readiness,-0.1961068586260346,0.1864652055213769,47,Yes,0.4897330538272119,False
p02,Sleep_Composition,sleep_quality,0.1789424018185088,0.2287921567326787,47,Yes,0.5281991766544558,False
p02,Sleep_Composition,stress,-0.1067841824154178,0.4749742861976601,47,Yes,0.759146936059508,False
p02,Sleep_Revitalization,fatigue,-0.0814529979930993,0.5862469970320485,47,Yes,0.8315210498251542,False
p02,Sleep_Revitalization,mood,-0.1905544246666915,0.1994951781977004,47,Yes,0.5071101954139392,False
p02,Sleep_Revitalization,readiness,0.0492838935875786,0.7421744125425891,47,Yes,0.9180575207315762,False
p02,Sleep_Revitalization,sleep_quality,0.2493869568183783,0.0909325274068715,47,Yes,0.3316752053692905,False
p02,Sleep_Revitalization,stress,-0.3227944485000766,0.0268983632411282,47,Yes,0.17325954015725362,False
p02,Sleep_Score,fatigue,-0.159964793214843,0.2827922558430767,47,Yes,0.5982143873603546,False
p02,Sleep_Score,mood,-0.2167931795283462,0.1432733926222965,47,Yes,0.42965490908896353,False
p02,Sleep_Score,readiness,-0.0701169056412095,0.6395483409301348,47,Yes,0.853002957164514,False
p02,Sleep_Score,sleep_quality,0.1841848147227241,0.2152191016373177,47,Yes,0.5152714355192772,False
p02,Sleep_Score,stress,-0.2822810654492072,0.0545544531559985,47,Yes,0.26299064344538314,False
p03,Steps,fatigue,-0.3395841023363726,0.0298434872895912,41,Yes,0.18602440410511847,False
p03,Steps,mood,-0.1073047672203561,0.5042807208662886,41,Yes,0.7803958646911925,False
p03,Steps,readiness,,,41,Yes,,False
p03,Steps,sleep_quality,,,41,Yes,,False
p03,Steps,stress,0.0787394268939422,0.6245957802463568,41,Yes,0.8488329280964296,False
p03,Exercise_Count,fatigue,-0.217429623155726,0.1720722369855485,41,Yes,0.46634070023619667,False
p03,Exercise_Count,mood,-0.0772596231780758,0.6311400531170163,41,Yes,0.8503111666634153,False
p03,Exercise_Count,readiness,,,41,Yes,,False
p03,Exercise_Count,sleep_quality,,,41,Yes,,False
p03,Exercise_Count,stress,0.0847607005522321,0.5982638081776331,41,Yes,0.8315210498251542,False
p03,Exercise_Duration,fatigue,-0.4116794437150307,0.0074896616653632,41,Yes,0.0875354207139324,False
p03,Exercise_Duration,mood,-0.200240365591531,0.2093800455046687,41,Yes,0.5141586524472916,False
p03,Exercise_Duration,readiness,,,41,Yes,,False
p03,Exercise_Duration,sleep_quality,,,41,Yes,,False
p03,Exercise_Duration,stress,0.081310250192592,0.613294187575896,41,Yes,0.843279507916857,False
p03,Exercise_Distance,fatigue,,,41,Yes,,False
p03,Exercise_Distance,mood,,,41,Yes,,False
p03,Exercise_Distance,readiness,,,41,Yes,,False
p03,Exercise_Distance,sleep_quality,,,41,Yes,,False
p03,Exercise_Distance,stress,,,41,Yes,,False
p03,Exercise_Calories,fatigue,-0.400808974146188,0.0094055343585705,41,Yes,0.1034608779442755,False
p03,Exercise_Calories,mood,-0.1776718713109732,0.2664206368204837,41,Yes,0.5748044296031758,False
p03,Exercise_Calories,readiness,,,41,Yes,,False
p03,Exercise_Calories,sleep_quality,,,41,Yes,,False
p03,Exercise_Calories,stress,0.0609752034874873,0.7049030125898725,41,Yes,0.8967133561517425,False
p03,Exercise_Avg_HR,fatigue,-0.1143406444409357,0.58628707726743,25,Yes,0.8315210498251542,False
p03,Exercise_Avg_HR,mood,0.064343101227656,0.7599384798840674,25,Yes,0.9215759952341535,False
p03,Exercise_Avg_HR,readiness,,,25,Yes,,False
p03,Exercise_Avg_HR,sleep_quality,,,25,Yes,,False
p03,Exercise_Avg_HR,stress,-0.2054498874556204,0.3245155987678704,25,Yes,0.6387833365220186,False
p03,Sleep_Hours,fatigue,0.2406572254166944,0.2173489629645296,28,Yes,0.5157900517051655,False
p03,Sleep_Hours,mood,-0.024112639564438,0.9030634980768122,28,Yes,0.9672440328944539,False
p03,Sleep_Hours,readiness,,,28,Yes,,False
p03,Sleep_Hours,sleep_quality,,,28,Yes,,False
p03,Sleep_Hours,stress,0.1092842121114585,0.5798695581237819,28,Yes,0.8315210498251542,False
p03,Sleep_Duration_Score,fatigue,0.2407193815580395,0.2172265776707556,28,Yes,0.5157900517051655,False
p03,Sleep_Duration_Score,mood,0.4294284131471034,0.0225778242153147,28,Yes,0.15805384500023242,False
p03,Sleep_Duration_Score,readiness,,,28,Yes,,False
p03,Sleep_Duration_Score,sleep_quality,,,28,Yes,,False
p03,Sleep_Duration_Score,stress,0.0300899226947549,0.8791902651596271,28,Yes,0.9567898957077794,False
p03,Deep_Sleep_Minutes,fatigue,-0.0259488322585454,0.8957200095798935,28,Yes,0.9659725593508656,False
p03,Deep_Sleep_Minutes,mood,-0.366787433869709,0.0548720140317945,28,Yes,0.26299064344538314,False
p03,Deep_Sleep_Minutes,readiness,,,28,Yes,,False
p03,Deep_Sleep_Minutes,sleep_quality,,,28,Yes,,False
p03,Deep_Sleep_Minutes,stress,0.2061490562762222,0.2925875656710874,28,Yes,0.6079319420054816,False
p03,Sleep_Restlessness,fatigue,0.2706314098281657,0.1636471146729356,28,Yes,0.4552197722998,False
p03,Sleep_Restlessness,mood,-0.4137149071717161,0.0286344972958275,28,Yes,0.1802636730335722,False
p03,Sleep_Restlessness,readiness,,,28,Yes,,False
p03,Sleep_Restlessness,sleep_quality,,,28,Yes,,False
p03,Sleep_Restlessness,stress,-0.0609531979068159,0.7579944091122602,28,Yes,0.9210961739737078,False
p03,Sleep_Composition,fatigue,0.3664936328686438,0.0550814059876551,28,Yes,0.26299064344538314,False
p03,Sleep_Composition,mood,-0.0140564764123647,0.943404073803185,28,Yes,0.9772762894570279,False
p03,Sleep_Composition,readiness,,,28,Yes,,False
p03,Sleep_Composition,sleep_quality,,,28,Yes,,False
p03,Sleep_Composition,stress,-0.2222994166580299,0.2555526565612566,28,Yes,0.5668845768068351,False
p03,Sleep_Revitalization,fatigue,-0.03557375178608,0.8573779227849226,28,Yes,0.9463217694014057,False
p03,Sleep_Revitalization,mood,0.090794198782813,0.6458862132823098,28,Yes,0.8541776653733516,False
p03,Sleep_Revitalization,readiness,,,28,Yes,,False
p03,Sleep_Revitalization,sleep_quality,,,28,Yes,,False
p03,Sleep_Revitalization,stress,0.0549776163966692,0.781119180433651,28,Yes,0.9292293572688372,False
p03,Sleep_Score,fatigue,0.2422070600288063,0.2143112503972083,28,Yes,0.5152714355192772,False
p03,Sleep_Score,mood,0.3138454316517114,0.1038660649192452,28,Yes,0.36438595619728886,False
p03,Sleep_Score,readiness,,,28,Yes,,False
p03,Sleep_Score,sleep_quality,,,28,Yes,,False
p03,Sleep_Score,stress,-0.0186313123099081,0.9250291295252764,28,Yes,0.9726508121837331,False
p04,Steps,fatigue,-0.011786520068843,0.9200559168096636,75,Yes,0.9725282285208253,False
p04,Steps,mood,0.4343096707750398,9.895820602316393e-05,75,Yes,0.004869785401666224,True
p04,Steps,readiness,0.1319113836426146,0.2592621974549133,75,Yes,0.5690379216439999,False
p04,Steps,sleep_quality,0.2282983220606465,0.0488367641590161,75,Yes,0.248930190633224,False
p04,Steps,stress,0.2635197683532571,0.022350644555934,75,Yes,0.15805384500023242,False
p04,Exercise_Count,fatigue,-0.0515683555971294,0.660381417051912,75,Yes,0.8649520301087344,False
p04,Exercise_Count,mood,0.1613713071539381,0.1666257179741234,75,Yes,0.4597201232784839,False
p04,Exercise_Count,readiness,0.0373918668235762,0.7501090631567215,75,Yes,0.9210961739737078,False
p04,Exercise_Count,sleep_quality,0.2469022248657371,0.0327199062029282,75,Yes,0.19362729303631562,False
p04,Exercise_Count,stress,0.2402078218845129,0.0379107091061908,75,Yes,0.2109911488945738,False
p04,Exercise_Duration,fatigue,-0.0192955643602259,0.8694846875506124,75,Yes,0.9520764397104008,False
p04,Exercise_Duration,mood,0.1124826354305091,0.3366424444772642,75,Yes,0.6450014048898403,False
p04,Exercise_Duration,readiness,0.0768564404369014,0.5122183582009032,75,Yes,0.786410779832257,False
p04,Exercise_Duration,sleep_quality,-0.0125482158466935,0.9149082266945684,75,Yes,0.972089990862979,False
p04,Exercise_Duration,stress,0.1464004927439292,0.2100834341019414,75,Yes,0.5142094525793592,False
p04,Exercise_Distance,fatigue,0.058627526325372,0.6173345096599713,75,Yes,0.8438710037018613,False
p04,Exercise_Distance,mood,0.3238693546661989,0.0045896180611101,75,Yes,0.06971716491853247,False
p04,Exercise_Distance,readiness,0.1988365940548351,0.0872335422692392,75,Yes,0.32495363355274365,False
p04,Exercise_Distance,sleep_quality,0.22371228737528,0.0536818968839175,75,Yes,0.26141965409616075,False
p04,Exercise_Distance,stress,0.2866769690373788,0.0126464366410701,75,Yes,0.11539878384091631,False
p04,Exercise_Calories,fatigue,-0.0072066836824778,0.9510691408351472,75,Yes,0.9772762894570279,False
p04,Exercise_Calories,mood,0.1990901427379799,0.0868229175508407,75,Yes,0.32471771164014424,False
p04,Exercise_Calories,readiness,0.1081754113501816,0.3555871417037934,75,Yes,0.6611915782401112,False
p04,Exercise_Calories,sleep_quality,0.097026489565042,0.4076041078251461,75,Yes,0.7097017519860551,False
p04,Exercise_Calories,stress,0.2409666278417463,0.037289865485171,75,Yes,0.20877858819541847,False
p04,Exercise_Avg_HR,fatigue,0.0464222224768069,0.7223948171569743,61,Yes,0.9066297369688201,False
p04,Exercise_Avg_HR,mood,0.2304912996825678,0.0739213252180279,61,Yes,0.30718417368380485,False
p04,Exercise_Avg_HR,readiness,0.163642856553871,0.2076096753263648,61,Yes,0.5121769035096334,False
p04,Exercise_Avg_HR,sleep_quality,0.3022563295092224,0.017907412530183,61,Yes,0.13975972782417967,False
p04,Exercise_Avg_HR,stress,0.2577087807151808,0.0449482443148341,61,Yes,0.23348115796872157,False
p04,Sleep_Hours,fatigue,0.0400214872123418,0.7331702313981471,75,Yes,0.9134617090555999,False
p04,Sleep_Hours,mood,-0.1052625544123158,0.3687647046992341,75,Yes,0.6746104422065439,False
p04,Sleep_Hours,readiness,0.0190810842233591,0.8709229019194593,75,Yes,0.9520764397104008,False
p04,Sleep_Hours,sleep_quality,0.1191950435324853,0.3084126851088008,75,Yes,0.6268823056015843,False
p04,Sleep_Hours,stress,0.0624712047665186,0.594414260862629,75,Yes,0.8315210498251542,False
p04,Sleep_Duration_Score,fatigue,0.1647394509467197,0.1607303197297183,74,Yes,0.44994864954277425,False
p04,Sleep_Duration_Score,mood,0.0245058997976725,0.8358147178169235,74,Yes,0.943001407776937,False
p04,Sleep_Duration_Score,readiness,0.0929356388605356,0.4309549557614763,74,Yes,0.726023213760325,False
p04,Sleep_Duration_Score,sleep_quality,0.2949707446612127,0.010733000385338,74,Yes,0.10790704688484978,False
p04,Sleep_Duration_Score,stress,0.1372032303369192,0.2437375428222994,74,Yes,0.5531422391719659,False
p04,Deep_Sleep_Minutes,fatigue,0.0495140427894709,0.6731265214953874,75,Yes,0.8753453374105525,False
p04,Deep_Sleep_Minutes,mood,-0.0784113972202673,0.5036946573954642,75,Yes,0.7803958646911925,False
p04,Deep_Sleep_Minutes,readiness,0.0861660785138048,0.4623057835398567,75,Yes,0.7517494045387234,False
p04,Deep_Sleep_Minutes,sleep_quality,0.2205111658276381,0.0572914293667365,75,Yes,0.26783743228949314,False
p04,Deep_Sleep_Minutes,stress,0.0935247208891759,0.4248150931340846,75,Yes,0.7246282339455543,False
p04,Sleep_Restlessness,fatigue,-0.0849707874612824,0.4716447552925514,74,Yes,0.7564113999974881,False
p04,Sleep_Restlessness,mood,-0.181769693418742,0.1211500470142616,74,Yes,0.38529011550453945,False
p04,Sleep_Restlessness,readiness,-0.034011479092296,0.7735917101796028,74,Yes,0.9292293572688372,False
p04,Sleep_Restlessness,sleep_quality,-0.1512552333342032,0.1982997701261865,74,Yes,0.5065854783278262,False
p04,Sleep_Restlessness,stress,-0.0859055205257009,0.4667647405616095,74,Yes,0.7544711880865324,False
p04,Sleep_Composition,fatigue,0.1419524581394146,0.2276430613470415,74,Yes,0.528154497169935,False
p04,Sleep_Composition,mood,0.0324906300245846,0.7834628326927873,74,Yes,0.9293731422684368,False
p04,Sleep_Composition,readiness,0.0641832625127732,0.5869327599060803,74,Yes,0.8315210498251542,False
p04,Sleep_Composition,sleep_quality,0.2878400016261314,0.0128893656138937,74,Yes,0.11539878384091631,False
p04,Sleep_Composition,stress,0.0834839179248412,0.4794637469967658,74,Yes,0.7637114198330085,False
p04,Sleep_Revitalization,fatigue,0.311028408965452,0.0069910781036359,74,Yes,0.08489166268700735,False
p04,Sleep_Revitalization,mood,0.315044052499133,0.0062576337735907,74,Yes,0.08194450766985496,False
p04,Sleep_Revitalization,readiness,0.3101325499339442,0.0071646580695586,74,Yes,0.08508375168806985,False
p04,Sleep_Revitalization,sleep_quality,0.1884715117616013,0.1078046877793158,74,Yes,0.36582155749828615,False
p04,Sleep_Revitalization,stress,0.2175022660812229,0.0626701292712598,74,Yes,0.2790312898506091,False
p04,Sleep_Score,fatigue,0.2674629988823289,0.0212351846650279,74,Yes,0.15469607570543467,False
p04,Sleep_Score,mood,0.1508263694654426,0.1995898950934007,74,Yes,0.5071101954139392,False
p04,Sleep_Score,readiness,0.2014151148392889,0.0852826859710466,74,Yes,0.32470578554094043,False
p04,Sleep_Score,sleep_quality,0.3383379477370651,0.0031939677830677,74,Yes,0.06221583077433957,False
p04,Sleep_Score,stress,0.197796598991723,0.091166339871559,74,Yes,0.3316752053692905,False
p05,Steps,fatigue,0.2371956877738484,0.0591340791538739,64,Yes,0.27103119612192206,False
p05,Steps,mood,0.0226039614470569,0.8592804087933619,64,Yes,0.9463217694014057,False
p05,Steps,readiness,0.305911225541022,0.0139596050822596,64,Yes,0.12085398844363635,False
p05,Steps,sleep_quality,0.0570979238773227,0.6540474913055149,64,Yes,0.8613160624938823,False
p05,Steps,stress,-0.017328437991441,0.8918960450145003,64,Yes,0.9630813334983206,False
p05,Exercise_Count,fatigue,0.0724805651858195,0.5539517387822844,69,Yes,0.8131002759206215,False
p05,Exercise_Count,mood,-0.0672636556294194,0.5829031961820273,69,Yes,0.8315210498251542,False
p05,Exercise_Count,readiness,0.1279942074922373,0.2945950123138591,69,Yes,0.6107457572360494,False
p05,Exercise_Count,sleep_quality,-0.0046184480860691,0.9699563467298256,69,Yes,0.9847005257246328,False
p05,Exercise_Count,stress,-0.0727756130827414,0.5523351471411863,69,Yes,0.8131002759206215,False
p05,Exercise_Duration,fatigue,0.0850558141760465,0.4871305129446704,69,Yes,0.7693699824379507,False
p05,Exercise_Duration,mood,-0.1726841625856898,0.1559277851007675,69,Yes,0.44309096662383196,False
p05,Exercise_Duration,readiness,0.1100771889773662,0.3679044006752799,69,Yes,0.6744914012380132,False
p05,Exercise_Duration,sleep_quality,0.0740654348147159,0.5452948016025442,69,Yes,0.8092867293625061,False
p05,Exercise_Duration,stress,-0.1046756271777175,0.3920137267753047,69,Yes,0.6941909744979354,False
p05,Exercise_Distance,fatigue,0.0243144247386092,0.8428023037954007,69,Yes,0.9441439795128967,False
p05,Exercise_Distance,mood,0.1920409434381683,0.1139187229248815,69,Yes,0.3763745792747852,False
p05,Exercise_Distance,readiness,0.0354932337512741,0.7721727755830713,69,Yes,0.9292293572688372,False
p05,Exercise_Distance,sleep_quality,0.0318576993434319,0.7949706995657967,69,Yes,0.9337909599171105,False
p05,Exercise_Distance,stress,0.1954692509744351,0.1074862212626284,69,Yes,0.36582155749828615,False
p05,Exercise_Calories,fatigue,0.0823724858861426,0.5010224280142854,69,Yes,0.7803958646911925,False
p05,Exercise_Calories,mood,-0.1774892209870204,0.1445613161372785,69,Yes,0.43053205438071307,False
p05,Exercise_Calories,readiness,0.1122523938742266,0.3584562470753686,69,Yes,0.6636764178524152,False
p05,Exercise_Calories,sleep_quality,0.0665086563561249,0.5871495505059358,69,Yes,0.8315210498251542,False
p05,Exercise_Calories,stress,-0.1164539649826839,0.3406334215859213,69,Yes,0.6499841820057886,False
p05,Exercise_Avg_HR,fatigue,0.090558066195669,0.599406617734924,36,Yes,0.8315210498251542,False
p05,Exercise_Avg_HR,mood,-0.2239392621280404,0.1891950349615849,36,Yes,0.49412669745553606,False
p05,Exercise_Avg_HR,readiness,-0.0391379989873689,0.8207136430120994,36,Yes,0.9358137270930645,False
p05,Exercise_Avg_HR,sleep_quality,-0.0103658354206681,0.9521543878484542,36,Yes,0.9772762894570279,False
p05,Exercise_Avg_HR,stress,-0.2940352819721211,0.0817430375808145,36,Yes,0.32470578554094043,False
p05,Sleep_Hours,fatigue,0.1244979550372503,0.3940414777386954,49,Yes,0.6964627253037433,False
p05,Sleep_Hours,mood,0.0863515999242789,0.5552170841215435,49,Yes,0.8136802094884689,False
p05,Sleep_Hours,readiness,-0.2494267112207573,0.0839258618616522,49,Yes,0.32470578554094043,False
p05,Sleep_Hours,sleep_quality,0.1272289748796291,0.3836670414577058,49,Yes,0.6845967247384636,False
p05,Sleep_Hours,stress,0.0333924030554786,0.8198203542933483,49,Yes,0.9358137270930645,False
p05,Sleep_Duration_Score,fatigue,0.2854243213876278,0.0492441721499269,48,Yes,0.248930190633224,False
p05,Sleep_Duration_Score,mood,-0.0762623831372291,0.6064236484622247,48,Yes,0.8386183192787979,False
p05,Sleep_Duration_Score,readiness,-0.2257078287390315,0.1229495883657662,48,Yes,0.38856825372003817,False
p05,Sleep_Duration_Score,sleep_quality,0.1334097013121512,0.36600836832933,48,Yes,0.6723928675433057,False
p05,Sleep_Duration_Score,stress,-0.0412987852891931,0.7804727141410701,48,Yes,0.9292293572688372,False
p05,Deep_Sleep_Minutes,fatigue,0.1456133175950911,0.3181272953234511,49,Yes,0.6342196612525091,False
p05,Deep_Sleep_Minutes,mood,0.2115121853726386,0.1445850963374801,49,Yes,0.43053205438071307,False
p05,Deep_Sleep_Minutes,readiness,-0.2448683506170839,0.0899326682790179,49,Yes,0.33105135764126664,False
p05,Deep_Sleep_Minutes,sleep_quality,0.1341329377314581,0.3581722686494635,49,Yes,0.6636764178524152,False
p05,Deep_Sleep_Minutes,stress,-0.0469103471963782,0.7489139950645369,49,Yes,0.9210961739737078,False
p05,Sleep_Restlessness,fatigue,0.2103603491962164,0.1512538227380268,48,Yes,0.44309096662383196,False
p05,Sleep_Restlessness,mood,0.0961172644601787,0.5157737746503681,48,Yes,0.7879156606797181,False
p05,Sleep_Restlessness,readiness,-0.0360168466045591,0.8079796507586222,48,Yes,0.935106536407568,False
p05,Sleep_Restlessness,sleep_quality,0.1099186349569734,0.4570442935430723,48,Yes,0.7484000253288488,False
p05,Sleep_Restlessness,stress,0.1834913144586703,0.2118895735006526,48,Yes,0.5152714355192772,False
p05,Sleep_Composition,fatigue,-0.0457131135054309,0.7576846392860049,48,Yes,0.9210961739737078,False
p05,Sleep_Composition,mood,0.2840556378967371,0.0503907629772497,48,Yes,0.2533084052888627,False
p05,Sleep_Composition,readiness,-0.2330931866073705,0.1108470114369657,48,Yes,0.3701498417627247,False
p05,Sleep_Composition,sleep_quality,-0.0778606250609332,0.5988780850189437,48,Yes,0.8315210498251542,False
p05,Sleep_Composition,stress,0.0406069368278915,0.7840613704828637,48,Yes,0.9293731422684368,False
p05,Sleep_Revitalization,fatigue,-0.1457003196433257,0.3230945496233153,48,Yes,0.6387833365220186,False
p05,Sleep_Revitalization,mood,-0.0467564646679875,0.7523273816328043,48,Yes,0.9210961739737078,False
p05,Sleep_Revitalization,readiness,-0.0402426892140688,0.785952534138435,48,Yes,0.93020964483473,False
p05,Sleep_Revitalization,sleep_quality,-0.027157141578627,0.8546220164658472,48,Yes,0.9463217694014057,False
p05,Sleep_Revitalization,stress,-0.2359567450657576,0.106407298658904,48,Yes,0.36577508913998247,False
p05,Sleep_Score,fatigue,0.1119296873986556,0.4488011747739719,48,Yes,0.7417203108098389,False
p05,Sleep_Score,mood,0.0159592721379923,0.914264374365274,48,Yes,0.972089990862979,False
p05,Sleep_Score,readiness,-0.2449622538420763,0.0933301588008193,48,Yes,0.33692547675199247,False
p05,Sleep_Score,sleep_quality,0.0534737506902662,0.7181220335631305,48,Yes,0.9061323905283766,False
p05,Sleep_Score,stress,-0.1242541337507138,0.4001050072760989,48,Yes,0.7031920710585572,False
p06,Steps,fatigue,0.0431097138711726,0.7153354357633273,74,Yes,0.9038359897820418,False
p06,Steps,mood,0.275660921755527,0.0174441064763799,74,Yes,0.13975972782417967,False
p06,Steps,readiness,0.3811133086137478,0.0008080129397271,74,Yes,0.0228936999589345,True
p06,Steps,sleep_quality,-0.0142617049483323,0.9040068613401764,74,Yes,0.9672440328944539,False
p06,Steps,stress,-0.037115217397849,0.753559192259603,74,Yes,0.9210961739737078,False
p06,Exercise_Count,fatigue,-0.065222419133128,0.5808792201036902,74,Yes,0.8315210498251542,False
p06,Exercise_Count,mood,0.1880735189936063,0.1085639547302907,74,Yes,0.36582155749828615,False
p06,Exercise_Count,readiness,0.2043891316086113,0.0806755368890772,74,Yes,0.3223573803046461,False
p06,Exercise_Count,sleep_quality,-0.2075927488252019,0.0759364033177723,74,Yes,0.3114058644829697,False
p06,Exercise_Count,stress,0.3306169637155841,0.0040143276312261,74,Yes,0.06647384926459017,False
p06,Exercise_Duration,fatigue,-0.0160543801350184,0.8920090211866798,74,Yes,0.9630813334983206,False
p06,Exercise_Duration,mood,0.1878856212781392,0.108923851078771,74,Yes,0.36582155749828615,False
p06,Exercise_Duration,readiness,0.2741706126634393,0.0180865530125409,74,Yes,0.13975972782417967,False
p06,Exercise_Duration,sleep_quality,-0.1853384717674769,0.1138942623120096,74,Yes,0.3763745792747852,False
p06,Exercise_Duration,stress,0.3164465474732593,0.006017941323874,74,Yes,0.08194450766985496,False
p06,Exercise_Distance,fatigue,0.1268884833875923,0.2813397458966427,74,Yes,0.5964912979894805,False
p06,Exercise_Distance,mood,0.1031787430697487,0.3816803678337662,74,Yes,0.6845967247384636,False
p06,Exercise_Distance,readiness,0.4100019301480218,0.000285844603681,74,Yes,0.011136029351738958,True
p06,Exercise_Distance,sleep_quality,-0.1207947051227793,0.3052761293508178,74,Yes,0.6243415432635244,False
p06,Exercise_Distance,stress,0.0366922282099215,0.7562800903542471,74,Yes,0.9210961739737078,False
p06,Exercise_Calories,fatigue,0.0289608939705725,0.8065021110444958,74,Yes,0.935106536407568,False
p06,Exercise_Calories,mood,0.1789900873615048,0.1270425378740702,74,Yes,0.39394693400042,False
p06,Exercise_Calories,readiness,0.3363352326702642,0.0033909568011932,74,Yes,0.0647049920227682,False
p06,Exercise_Calories,sleep_quality,-0.1733147128195836,0.1397485508014966,74,Yes,0.42423667207597177,False
p06,Exercise_Calories,stress,0.2718947953953668,0.01910672343232,74,Yes,0.1452421659286114,False
p06,Exercise_Avg_HR,fatigue,0.1403710005314687,0.3360470094889731,49,Yes,0.6450014048898403,False
p06,Exercise_Avg_HR,mood,,,49,Yes,,False
p06,Exercise_Avg_HR,readiness,0.2051872232419128,0.157264675058614,49,Yes,0.44423707305076765,False
p06,Exercise_Avg_HR,sleep_quality,0.0407236964166743,0.7811489570195786,49,Yes,0.9292293572688372,False
p06,Exercise_Avg_HR,stress,-0.2320184390136803,0.1086747986662235,49,Yes,0.36582155749828615,False
p06,Sleep_Hours,fatigue,-0.1346322746885031,0.2561139562926942,73,Yes,0.5668845768068351,False
p06,Sleep_Hours,mood,-0.1635932062739743,0.166679274643215,73,Yes,0.4597201232784839,False
p06,Sleep_Hours,readiness,-0.1676314600850684,0.1563144571242765,73,Yes,0.44309096662383196,False
p06,Sleep_Hours,sleep_quality,-0.0234315249868489,0.8440070383008373,73,Yes,0.9441439795128967,False
p06,Sleep_Hours,stress,0.1241381294534628,0.2953836528627511,73,Yes,0.6110259190855581,False
p06,Sleep_Duration_Score,fatigue,0.1600585612858255,0.1761590125051361,73,Yes,0.4725614721843154,False
p06,Sleep_Duration_Score,mood,-0.1831502048847058,0.1209068590198664,73,Yes,0.38529011550453945,False
p06,Sleep_Duration_Score,readiness,0.1413859888297643,0.2328078119606058,73,Yes,0.5335938435272521,False
p06,Sleep_Duration_Score,sleep_quality,0.2561287120581936,0.0287265104620345,73,Yes,0.1802636730335722,False
p06,Sleep_Duration_Score,stress,0.355527697136649,0.0020237716166925,73,Yes,0.04423707752261676,True
p06,Deep_Sleep_Minutes,fatigue,-0.172048887942807,0.1455329664866715,73,Yes,0.4306117837501198,False
p06,Deep_Sleep_Minutes,mood,-0.2231296776705331,0.0577600949263672,73,Yes,0.26868501868733,False
p06,Deep_Sleep_Minutes,readiness,-0.0803390476332159,0.4992545758784574,73,Yes,0.7803958646911925,False
p06,Deep_Sleep_Minutes,sleep_quality,0.0074220410387723,0.9503077830347264,73,Yes,0.9772762894570279,False
p06,Deep_Sleep_Minutes,stress,0.0671128719369192,0.5726504786340724,73,Yes,0.8275551739147723,False
p06,Sleep_Restlessness,fatigue,-0.2195949978458694,0.0619445410463551,73,Yes,0.27712031520737807,False
p06,Sleep_Restlessness,mood,-0.3034056738474897,0.0090707219438141,73,Yes,0.10096577401745457,False
p06,Sleep_Restlessness,readiness,-0.0305612577959727,0.7974345823325399,73,Yes,0.9341263583468583,False
p06,Sleep_Restlessness,sleep_quality,-0.2749453587607824,0.0185648775061056,73,Yes,0.1422800038377765,False
p06,Sleep_Restlessness,stress,0.1236913458627952,0.2971386982793015,73,Yes,0.612380535960095,False
p06,Sleep_Composition,fatigue,0.026651959246234,0.8228943572763328,73,Yes,0.937044971209545,False
p06,Sleep_Composition,mood,-0.1162674978351682,0.3272976813982162,73,Yes,0.6402161759567617,False
p06,Sleep_Composition,readiness,-0.0632142987904714,0.5952018941289734,73,Yes,0.8315210498251542,False
p06,Sleep_Composition,sleep_quality,0.0178177037440817,0.8810653478121905,73,Yes,0.9567898957077794,False
p06,Sleep_Composition,stress,0.0058915982211783,0.9605451979402816,73,Yes,0.9801494251084365,False
p06,Sleep_Revitalization,fatigue,0.059145696976918,0.6191506345468251,73,Yes,0.8445584337869843,False
p06,Sleep_Revitalization,mood,0.1722066081924648,0.145158599096842,73,Yes,0.4306117837501198,False
p06,Sleep_Revitalization,readiness,0.0826955889321173,0.486711189119708,73,Yes,0.7693699824379507,False
p06,Sleep_Revitalization,sleep_quality,0.1494689464179101,0.2069037595612039,73,Yes,0.5119697385429709,False
p06,Sleep_Revitalization,stress,-0.0392914551633641,0.7413700380378822,73,Yes,0.9180575207315762,False
p06,Sleep_Score,fatigue,0.1499347553099362,0.2054760297737934,73,Yes,0.5109576804215341,False
p06,Sleep_Score,mood,-0.0366081599952312,0.7584743763303372,73,Yes,0.9210961739737078,False
p06,Sleep_Score,readiness,0.123638075015966,0.2973484099742066,73,Yes,0.612380535960095,False
p06,Sleep_Score,sleep_quality,0.2689836771867245,0.0213849972530564,73,Yes,0.15469607570543467,False
p06,Sleep_Score,stress,0.1979399230456213,0.0932176740635159,73,Yes,0.33692547675199247,False
p07,Steps,fatigue,0.081537460881387,0.5053869234679252,69,Yes,0.7803958646911925,False
p07,Steps,mood,0.0319947360442786,0.7941081187189344,69,Yes,0.9337909599171105,False
p07,Steps,readiness,0.3257311738297598,0.0063101652965022,69,Yes,0.08194450766985496,False
p07,Steps,sleep_quality,-0.0417001644999617,0.7337002604286155,69,Yes,0.9134617090555999,False
p07,Steps,stress,0.058080190860354,0.6354735371132685,69,Yes,0.8524645010056041,False
p07,Exercise_Count,fatigue,-0.0057927148741476,0.9623225657241192,69,Yes,0.9801494251084365,False
p07,Exercise_Count,mood,0.1327996114934567,0.2766876930857359,69,Yes,0.5893006675060661,False
p07,Exercise_Count,readiness,0.3056265758115265,0.0106564314224231,69,Yes,0.10790704688484978,False
p07,Exercise_Count,sleep_quality,-0.0566119162901836,0.6440571286171756,69,Yes,0.853002957164514,False
p07,Exercise_Count,stress,0.0696918884113329,0.5693419171066458,69,Yes,0.8253251046429673,False
p07,Exercise_Duration,fatigue,-0.1911279212415814,0.1156807929706842,69,Yes,0.37951418044768326,False
p07,Exercise_Duration,mood,0.1714649855397567,0.1589144436408596,69,Yes,0.447191729046177,False
p07,Exercise_Duration,readiness,0.2684727656576318,0.0257154246535742,69,Yes,0.17174230036494198,False
p07,Exercise_Duration,sleep_quality,0.1097331880689499,0.3694123491013374,69,Yes,0.6746104422065439,False
p07,Exercise_Duration,stress,0.0828773052260626,0.498393346628899,69,Yes,0.7803958646911925,False
p07,Exercise_Distance,fatigue,0.1547597239650619,0.2041875390183944,69,Yes,0.5106661070945433,False
p07,Exercise_Distance,mood,-0.0198124494339116,0.871633617531661,69,Yes,0.9520764397104008,False
p07,Exercise_Distance,readiness,0.2725836977409764,0.0234526107705748,69,Yes,0.16243104496657362,False
p07,Exercise_Distance,sleep_quality,0.0629739411749768,0.6072134782371618,69,Yes,0.8386183192787979,False
p07,Exercise_Distance,stress,0.1180154562936002,0.3341536386654903,69,Yes,0.6450014048898403,False
p07,Exercise_Calories,fatigue,-0.0593213165413367,0.6282549585024758,69,Yes,0.8495723906898232,False
p07,Exercise_Calories,mood,0.1286142343178146,0.2922427806503982,69,Yes,0.6079319420054816,False
p07,Exercise_Calories,readiness,0.3146432029523397,0.0084605414156034,69,Yes,0.09647080760474608,False
p07,Exercise_Calories,sleep_quality,0.0770780481646492,0.5290223516254008,69,Yes,0.7939581039642853,False
p07,Exercise_Calories,stress,0.0566070499802241,0.6440856553563068,69,Yes,0.853002957164514,False
p07,Exercise_Avg_HR,fatigue,0.185620852630227,0.1592672147298149,59,Yes,0.447191729046177,False
p07,Exercise_Avg_HR,mood,-0.0939877002883373,0.4789102631878002,59,Yes,0.7637114198330085,False
p07,Exercise_Avg_HR,readiness,0.2199339554096109,0.0941773227883612,59,Yes,0.3385644079241607,False
p07,Exercise_Avg_HR,sleep_quality,-0.0125254242556292,0.9249862300618644,59,Yes,0.9726508121837331,False
p07,Exercise_Avg_HR,stress,0.116861451823236,0.3780745518166062,59,Yes,0.6824318647654958,False
p07,Sleep_Hours,fatigue,-0.2160498189995591,0.0790940368610934,67,Yes,0.31820388680908573,False
p07,Sleep_Hours,mood,0.0968415660025721,0.4356264491307767,67,Yes,0.7286417351292955,False
p07,Sleep_Hours,readiness,0.0097381127655648,0.9376596890576951,67,Yes,0.97412423252105,False
p07,Sleep_Hours,sleep_quality,0.2297027167420809,0.0614973926730794,67,Yes,0.27712031520737807,False
p07,Sleep_Hours,stress,0.3118134048615351,0.0102093157479188,67,Yes,0.10606344693671196,False
p07,Sleep_Duration_Score,fatigue,-0.0737083801653387,0.5533268578498957,67,Yes,0.8131002759206215,False
p07,Sleep_Duration_Score,mood,0.1390614978693968,0.2617307500346095,67,Yes,0.5717716151457006,False
p07,Sleep_Duration_Score,readiness,0.1153988740901304,0.3524145072362456,67,Yes,0.6611915782401112,False
p07,Sleep_Duration_Score,sleep_quality,0.4780462003967628,4.290918814036496e-05,67,Yes,0.0032842906937779522,True
p07,Sleep_Duration_Score,stress,0.3081142641879495,0.0111934479049442,67,Yes,0.11016709253813502,False
p07,Deep_Sleep_Minutes,fatigue,-0.2373874230765514,0.0530786967522622,67,Yes,0.2612030603335008,False
p07,Deep_Sleep_Minutes,mood,0.1539572297847691,0.2135325199549839,67,Yes,0.5152714355192772,False
p07,Deep_Sleep_Minutes,readiness,-0.0031211001381396,0.980001854409589,67,Yes,0.9861256641056584,False
p07,Deep_Sleep_Minutes,sleep_quality,0.3486808059915359,0.0038315075424186,67,Yes,0.0660274399700132,False
p07,Deep_Sleep_Minutes,stress,0.4127104823389907,0.0005191152199547,67,Yes,0.016736990712332568,True
p07,Sleep_Restlessness,fatigue,0.0034221234499027,0.9780735302538446,67,Yes,0.9861256641056584,False
p07,Sleep_Restlessness,mood,0.0793099129703814,0.5234939608165076,67,Yes,0.7920175620767549,False
p07,Sleep_Restlessness,readiness,0.0760187040577284,0.5409243976037243,67,Yes,0.8053571843303857,False
p07,Sleep_Restlessness,sleep_quality,-0.1580228979760243,0.201541096192378,67,Yes,0.5096991650272451,False
p07,Sleep_Restlessness,stress,0.0356794532511164,0.7743848270200572,67,Yes,0.9292293572688372,False
p07,Sleep_Composition,fatigue,-0.0636572105129768,0.608811624803272,67,Yes,0.839585352789173,False
p07,Sleep_Composition,mood,0.2234764042788242,0.0690832960752245,67,Yes,0.29629762307493074,False
p07,Sleep_Composition,readiness,0.1495189058229279,0.2271875297932279,67,Yes,0.528154497169935,False
p07,Sleep_Composition,sleep_quality,0.4018218547432816,0.0007505524958038,67,Yes,0.022637631728275903,True
p07,Sleep_Composition,stress,0.3889297016892478,0.001143132402274,67,Yes,0.03018646013586867,True
p07,Sleep_Revitalization,fatigue,-0.1638503183866829,0.1852018954099077,67,Yes,0.4897330538272119,False
p07,Sleep_Revitalization,mood,0.0263912672671713,0.8321121732434837,67,Yes,0.9419187433204084,False
p07,Sleep_Revitalization,readiness,0.014669436302088,0.906209382690419,67,Yes,0.9672440328944539,False
p07,Sleep_Revitalization,sleep_quality,0.012423022301332,0.9205213713806742,67,Yes,0.9725282285208253,False
p07,Sleep_Revitalization,stress,0.0901762108486809,0.4680142129306832,67,Yes,0.7544711880865324,False
p07,Sleep_Score,fatigue,-0.1203553839574546,0.3319746550150604,67,Yes,0.6450014048898403,False
p07,Sleep_Score,mood,0.167217681366839,0.176208284188413,67,Yes,0.4725614721843154,False
p07,Sleep_Score,readiness,0.1247903367131745,0.3143337722913841,67,Yes,0.6320474776181594,False
p07,Sleep_Score,sleep_quality,0.4308343680928931,0.0002732082977377,67,Yes,0.011136029351738958,True
p07,Sleep_Score,stress,0.3466855996184534,0.0040524164792317,67,Yes,0.06647384926459017,False
p08,Steps,fatigue,0.4692978956751581,0.0003438840491356,54,Yes,0.012366599459299464,True
p08,Steps,mood,0.1699498698173145,0.219217938447563,54,Yes,0.5189082846796744,False
p08,Steps,readiness,0.692889833248212,6.409972413583366e-09,54,Yes,5.993324206700448e-06,True
p08,Steps,sleep_quality,0.2385420849100142,0.0823736833024916,54,Yes,0.32470578554094043,False
p08,Steps,stress,0.3871660202269076,0.0038251473816435,54,Yes,0.0660274399700132,False
p08,Exercise_Count,fatigue,0.2943386994956164,0.0307387919648607,54,Yes,0.18784817311859317,False
p08,Exercise_Count,mood,0.0241009777249486,0.8626622022529266,54,Yes,0.9489284224782193,False
p08,Exercise_Count,readiness,0.382220588188089,0.0043420152177911,54,Yes,0.06766307047724464,False
p08,Exercise_Count,sleep_quality,0.1677010124761364,0.2254677248938014,54,Yes,0.528154497169935,False
p08,Exercise_Count,stress,0.1972796512923701,0.1527521320734392,54,Yes,0.44309096662383196,False
p08,Exercise_Duration,fatigue,0.3630980423029147,0.0069640494767703,54,Yes,0.08489166268700735,False
p08,Exercise_Duration,mood,0.1242071311986232,0.3708686621781232,54,Yes,0.6759497059191913,False
p08,Exercise_Duration,readiness,0.4360789971096197,0.0009799969507146,54,Yes,0.026949916144651503,True
p08,Exercise_Duration,sleep_quality,0.1825593207094751,0.1864092786888,54,Yes,0.4897330538272119,False
p08,Exercise_Duration,stress,0.3469974098038518,0.0101507276912531,54,Yes,0.10606344693671196,False
p08,Exercise_Distance,fatigue,0.3761890888476286,0.0050548320860308,54,Yes,0.07271181539136613,False
p08,Exercise_Distance,mood,0.1845104593603055,0.1816656374128918,54,Yes,0.4839241338491562,False
p08,Exercise_Distance,readiness,0.5148813522740384,6.791867003817467e-05,54,Yes,0.004131586477441063,True
p08,Exercise_Distance,sleep_quality,0.2355043250300311,0.0864724498392451,54,Yes,0.32470578554094043,False
p08,Exercise_Distance,stress,0.4112240329906482,0.0020078326557774,54,Yes,0.04423707752261676,True
p08,Exercise_Calories,fatigue,0.383591440945106,0.0041929217448463,54,Yes,0.06688832402297948,False
p08,Exercise_Calories,mood,0.1604709936551016,0.2463932273347342,54,Yes,0.5564677960337596,False
p08,Exercise_Calories,readiness,0.5138273331386601,7.070094506851017e-05,54,Yes,0.004131586477441063,True
p08,Exercise_Calories,sleep_quality,0.1527829087315677,0.2700529193106884,54,Yes,0.5778020127128002,False
p08,Exercise_Calories,stress,0.3891050704004589,0.003637798746622,54,Yes,0.0660274399700132,False
p08,Exercise_Avg_HR,fatigue,-0.0121138635001178,0.9341608869957136,49,Yes,0.9726508121837331,False
p08,Exercise_Avg_HR,mood,0.1534549616630879,0.292476110439356,49,Yes,0.6079319420054816,False
p08,Exercise_Avg_HR,readiness,0.0923932969315963,0.5277726147598197,49,Yes,0.7939581039642853,False
p08,Exercise_Avg_HR,sleep_quality,-0.0607562572894155,0.6783628461287617,49,Yes,0.8800212176427548,False
p08,Exercise_Avg_HR,stress,-0.0239417810807841,0.8702906238583563,49,Yes,0.9520764397104008,False
p08,Sleep_Hours,fatigue,0.2122129411859608,0.1309539551395523,52,Yes,0.40409883846693534,False
p08,Sleep_Hours,mood,0.1606584495956667,0.2552159124116891,52,Yes,0.5668845768068351,False
p08,Sleep_Hours,readiness,0.0366627426485411,0.7963770184188058,52,Yes,0.9341263583468583,False
p08,Sleep_Hours,sleep_quality,0.2402938942902119,0.0861798088089276,52,Yes,0.32470578554094043,False
p08,Sleep_Hours,stress,0.0932881434681997,0.5106703744127721,52,Yes,0.7853236843354306,False
p08,Sleep_Duration_Score,fatigue,0.2975991930965268,0.0321404458106845,52,Yes,0.19362729303631562,False
p08,Sleep_Duration_Score,mood,0.5148907075146725,9.404741106093743e-05,52,Yes,0.004869785401666224,True
p08,Sleep_Duration_Score,readiness,0.2464387414180308,0.0782096797212178,52,Yes,0.31800087548479855,False
p08,Sleep_Duration_Score,sleep_quality,0.3062106476902861,0.02726023565944,52,Yes,0.1733899342964381,False
p08,Sleep_Duration_Score,stress,0.1897405870297822,0.1778985629998102,52,Yes,0.4752433040137786,False
p08,Deep_Sleep_Minutes,fatigue,0.3115478407220848,0.0245590378947002,52,Yes,0.16639637993872963,False
p08,Deep_Sleep_Minutes,mood,0.3732608122531248,0.0064211884885754,52,Yes,0.08224398954545203,False
p08,Deep_Sleep_Minutes,readiness,0.3156222199662055,0.0226515670909424,52,Yes,0.15805384500023242,False
p08,Deep_Sleep_Minutes,sleep_quality,0.3936776785775303,0.0038839670570596,52,Yes,0.0660274399700132,False
p08,Deep_Sleep_Minutes,stress,0.2741048326491675,0.0492535671306379,52,Yes,0.248930190633224,False
p08,Sleep_Restlessness,fatigue,-0.365128922702174,0.007777979136757,52,Yes,0.08978284559096042,False
p08,Sleep_Restlessness,mood,-0.374922671104681,0.0061708660231602,52,Yes,0.08194450766985496,False
p08,Sleep_Restlessness,readiness,-0.6597600067005918,1.0385112934614312e-07,52,Yes,4.8550402969321913e-05,True
p08,Sleep_Restlessness,sleep_quality,-0.3591066158685605,0.0089371725882205,52,Yes,0.1006777875901948,False
p08,Sleep_Restlessness,stress,-0.371034133085922,0.0067704460612396,52,Yes,0.08489166268700735,False
p08,Sleep_Composition,fatigue,0.0887153041965961,0.5316961636767303,52,Yes,0.7962645182496345,False
p08,Sleep_Composition,mood,0.2486079499557594,0.0755393502609018,52,Yes,0.3111422576825691,False
p08,Sleep_Composition,readiness,0.0325649295053808,0.8187279969688883,52,Yes,0.9358137270930645,False
p08,Sleep_Composition,sleep_quality,0.4596666638744979,0.0006076772987166,52,Yes,0.0189392758100007,True
p08,Sleep_Composition,stress,0.0453796025187868,0.7493877407728258,52,Yes,0.9210961739737078,False
p08,Sleep_Revitalization,fatigue,0.3281347213367916,0.0175555637996366,52,Yes,0.13975972782417967,False
p08,Sleep_Revitalization,mood,0.2423214076588872,0.0834826424433481,52,Yes,0.32470578554094043,False
p08,Sleep_Revitalization,readiness,0.4903287098044677,0.0002242690460835,52,Yes,0.010484577904403625,True
p08,Sleep_Revitalization,sleep_quality,0.4754910229352552,0.0003675522528211,52,Yes,0.012728198384730684,True
p08,Sleep_Revitalization,stress,0.3416870033442039,0.0131692393822118,52,Yes,0.11539878384091631,False
p08,Sleep_Score,fatigue,0.3461257656251423,0.0119540279356636,52,Yes,0.11522697030768521,False
p08,Sleep_Score,mood,0.4872553067719108,0.0002488941483865,52,Yes,0.01108171565435131,True
p08,Sleep_Score,readiness,0.3684944750060646,0.0071888945276551,52,Yes,0.08508375168806985,False
p08,Sleep_Score,sleep_quality,0.5260727892931318,6.190772334591015e-05,52,Yes,0.004131586477441063,True
p08,Sleep_Score,stress,0.2743777618939008,0.0490189507758533,52,Yes,0.248930190633224,False
p09,Steps,fatigue,-0.4020081871112709,0.003804792118252,50,Yes,0.0660274399700132,False
p09,Steps,mood,0.258722814130488,0.0696466355738023,50,Yes,0.2973497911484253,False
p09,Steps,readiness,-0.291781205551147,0.0397828613548918,50,Yes,0.21767609871347812,False
p09,Steps,sleep_quality,-0.1164610357260686,0.420576643942514,50,Yes,0.7241973519083804,False
p09,Steps,stress,0.3063802698464074,0.0304660819293278,50,Yes,0.18740649081527297,False
p09,Exercise_Count,fatigue,-0.1630550206184871,0.2529353164618289,51,Yes,0.5663118812559205,False
p09,Exercise_Count,mood,0.2219134733880032,0.1175651729175686,51,Yes,0.3823170260730363,False
p09,Exercise_Count,readiness,-0.2054373184621863,0.1481151328914949,51,Yes,0.43686955600488236,False
p09,Exercise_Count,sleep_quality,0.0255469389223132,0.8587640824445839,51,Yes,0.9463217694014057,False
p09,Exercise_Count,stress,0.3462915000550602,0.0128010620338416,51,Yes,0.11539878384091631,False
p09,Exercise_Duration,fatigue,-0.2017600748337965,0.1556708812686487,51,Yes,0.44309096662383196,False
p09,Exercise_Duration,mood,0.2033052556996428,0.1524621474103437,51,Yes,0.44309096662383196,False
p09,Exercise_Duration,readiness,-0.2605794323911146,0.0647726698389884,51,Yes,0.28168579674164723,False
p09,Exercise_Duration,sleep_quality,0.0297005895500824,0.8360942963070382,51,Yes,0.943001407776937,False
p09,Exercise_Duration,stress,0.3116663617743901,0.0259914698095792,51,Yes,0.17235478207061383,False
p09,Exercise_Distance,fatigue,,,51,Yes,,False
p09,Exercise_Distance,mood,,,51,Yes,,False
p09,Exercise_Distance,readiness,,,51,Yes,,False
p09,Exercise_Distance,sleep_quality,,,51,Yes,,False
p09,Exercise_Distance,stress,,,51,Yes,,False
p09,Exercise_Calories,fatigue,-0.1946624295491197,0.1710495225349708,51,Yes,0.4660998107236739,False
p09,Exercise_Calories,mood,0.1944684085299528,0.171484850148603,51,Yes,0.4660998107236739,False
p09,Exercise_Calories,readiness,-0.2485995346977434,0.0785649221785973,51,Yes,0.31800087548479855,False
p09,Exercise_Calories,sleep_quality,0.0280321422374423,0.8451855731040584,51,Yes,0.9441439795128967,False
p09,Exercise_Calories,stress,0.3109547790767336,0.0263517834350507,51,Yes,0.17325954015725362,False
p09,Exercise_Avg_HR,fatigue,0.008764240771079,0.97527016358371,15,Yes,0.9861256641056584,False
p09,Exercise_Avg_HR,mood,0.0260790647615098,0.9264946824558355,15,Yes,0.9726508121837331,False
p09,Exercise_Avg_HR,readiness,0.0339077465886192,0.904511283009976,15,Yes,0.9672440328944539,False
p09,Exercise_Avg_HR,sleep_quality,-0.1228964080060125,0.6625875607762778,15,Yes,0.8664606563997479,False
p09,Exercise_Avg_HR,stress,0.333965301724582,0.2237778454874824,15,Yes,0.5257092601276283,False
p09,Sleep_Hours,fatigue,0.6398877827820351,2.215676795530978e-06,45,Yes,0.0006905526012738215,True
p09,Sleep_Hours,mood,0.0709409166073205,0.643307873231863,45,Yes,0.853002957164514,False
p09,Sleep_Hours,readiness,0.2382388546370498,0.1150328297123098,45,Yes,0.378717238665527,False
p09,Sleep_Hours,sleep_quality,0.4687772961507681,0.0011622594276912,45,Yes,0.03018646013586867,True
p09,Sleep_Hours,stress,-0.0231249333103685,0.8801480515806535,45,Yes,0.9567898957077794,False
p09,Sleep_Duration_Score,fatigue,0.6057551295961315,1.037794787728312e-05,45,Yes,0.0019406762530519432,True
p09,Sleep_Duration_Score,mood,0.1323009326748923,0.3863013153591613,45,Yes,0.6853733014436733,False
p09,Sleep_Duration_Score,readiness,0.1959139692122305,0.1971238481737253,45,Yes,0.5063483462704208,False
p09,Sleep_Duration_Score,sleep_quality,0.4554879213798363,0.001666131608354,45,Yes,0.03994443727720487,True
p09,Sleep_Duration_Score,stress,0.1064004443594037,0.4866484784486168,45,Yes,0.7693699824379507,False
p09,Deep_Sleep_Minutes,fatigue,0.279449688176147,0.0630154092246204,45,Yes,0.2792388986967776,False
p09,Deep_Sleep_Minutes,mood,0.1029026476372913,0.5011660993848586,45,Yes,0.7803958646911925,False
p09,Deep_Sleep_Minutes,readiness,0.0402714762722097,0.7928174767877258,45,Yes,0.9336074821114908,False
p09,Deep_Sleep_Minutes,sleep_quality,0.3004962572104443,0.0448897940525279,45,Yes,0.23348115796872157,False
p09,Deep_Sleep_Minutes,stress,0.1928892241423141,0.2042664428378173,45,Yes,0.5106661070945433,False
p09,Sleep_Restlessness,fatigue,0.147685749661092,0.332969419864562,45,Yes,0.6450014048898403,False
p09,Sleep_Restlessness,mood,-0.1750541652934578,0.2500772082023242,45,Yes,0.5634269630582485,False
p09,Sleep_Restlessness,readiness,0.1447864970773795,0.3426517062619651,45,Yes,0.6511775312092223,False
p09,Sleep_Restlessness,sleep_quality,-0.0801765967893319,0.6005914543197315,45,Yes,0.831930384872517,False
p09,Sleep_Restlessness,stress,-0.2230563935604338,0.1407970251563012,45,Yes,0.42517455154533906,False
p09,Sleep_Composition,fatigue,0.2817717608335726,0.0607671421199086,45,Yes,0.27712031520737807,False
p09,Sleep_Composition,mood,0.1219131037995866,0.4249942141287914,45,Yes,0.7246282339455543,False
p09,Sleep_Composition,readiness,-0.0697955657389397,0.6486892416726528,45,Yes,0.856672939214591,False
p09,Sleep_Composition,sleep_quality,0.1993709160065118,0.1891787782032335,45,Yes,0.49412669745553606,False
p09,Sleep_Composition,stress,0.3598794559304092,0.0151746719283946,45,Yes,0.1289847113913541,False
p09,Sleep_Revitalization,fatigue,0.3813822054140792,0.0097403810557461,45,Yes,0.10589832892003026,False
p09,Sleep_Revitalization,mood,0.0347551002581429,0.8206943750760638,45,Yes,0.9358137270930645,False
p09,Sleep_Revitalization,readiness,0.4185247958721091,0.0042207605533217,45,Yes,0.06688832402297948,False
p09,Sleep_Revitalization,sleep_quality,0.2447182312600963,0.1051966856104613,45,Yes,0.3656464722891499,False
p09,Sleep_Revitalization,stress,-0.3126061945509701,0.0365521402657221,45,Yes,0.20877858819541847,False
p09,Sleep_Score,fatigue,0.592942341027169,1.771119337282267e-05,45,Yes,0.0022252197366692296,True
p09,Sleep_Score,mood,0.1281045988049959,0.40167543257118,45,Yes,0.7033081075918601,False
p09,Sleep_Score,readiness,0.2441290120739674,0.1060636125725793,45,Yes,0.36577508913998247,False
p09,Sleep_Score,sleep_quality,0.4308573000636033,0.0031305985316194,45,Yes,0.06221583077433957,False
p09,Sleep_Score,stress,0.0588179718340975,0.7011322832105329,45,Yes,0.8950714670462079,False
p10,Steps,fatigue,-0.0216826489236389,0.8824393351181694,49,Yes,0.9571702764912858,False
p10,Steps,mood,-0.1757186119741927,0.227162461141678,49,Yes,0.528154497169935,False
p10,Steps,readiness,0.2269439017983274,0.1168495002810624,49,Yes,0.38200798168808864,False
p10,Steps,sleep_quality,-0.0577563208773112,0.693443262448026,49,Yes,0.8943026901915921,False
p10,Steps,stress,0.1988604028497486,0.1707453099892309,49,Yes,0.4660998107236739,False
p10,Exercise_Count,fatigue,-0.1161168092701707,0.421960663164616,50,Yes,0.7246282339455543,False
p10,Exercise_Count,mood,-0.0866599742195837,0.5495683012403213,50,Yes,0.8123994877943803,False
p10,Exercise_Count,readiness,0.2047483885524223,0.1537725023325667,50,Yes,0.44309096662383196,False
p10,Exercise_Count,sleep_quality,0.0535766836524071,0.711734279541245,50,Yes,0.9005027758742409,False
p10,Exercise_Count,stress,0.1253876712393553,0.3855964619157361,50,Yes,0.6853733014436733,False
p10,Exercise_Duration,fatigue,0.0810052408899849,0.5760072731692734,50,Yes,0.8285643083281086,False
p10,Exercise_Duration,mood,-0.1942819353700685,0.1763892553928621,50,Yes,0.4725614721843154,False
p10,Exercise_Duration,readiness,0.2208562309785386,0.1232457963987749,50,Yes,0.38856825372003817,False
p10,Exercise_Duration,sleep_quality,0.0817284121146858,0.5725938623521019,50,Yes,0.8275551739147723,False
p10,Exercise_Duration,stress,0.1148495424928776,0.4270781438082118,50,Yes,0.7246282339455543,False
p10,Exercise_Distance,fatigue,0.1287008777786315,0.3730648106479372,50,Yes,0.6785695285158265,False
p10,Exercise_Distance,mood,-0.203533704263079,0.156281921588131,50,Yes,0.44309096662383196,False
p10,Exercise_Distance,readiness,0.138099994514304,0.3388658344665388,50,Yes,0.6479336507693533,False
p10,Exercise_Distance,sleep_quality,-0.0086594496285659,0.9524073856070818,50,Yes,0.9772762894570279,False
p10,Exercise_Distance,stress,0.0032904027932447,0.9819069446870246,50,Yes,0.9861256641056584,False
p10,Exercise_Calories,fatigue,0.0779690369775424,0.5904388215667873,50,Yes,0.8315210498251542,False
p10,Exercise_Calories,mood,-0.1645330810255622,0.2535369845211622,50,Yes,0.5663118812559205,False
p10,Exercise_Calories,readiness,0.2419192270687114,0.0905307026618384,50,Yes,0.3316752053692905,False
p10,Exercise_Calories,sleep_quality,0.1456630060409214,0.3128127033029145,50,Yes,0.6316260525949997,False
p10,Exercise_Calories,stress,0.1361486725478891,0.3458004014198894,50,Yes,0.6531785360153466,False
p10,Exercise_Avg_HR,fatigue,0.2213308234994153,0.1945359832917714,36,Yes,0.5023363705783898,False
p10,Exercise_Avg_HR,mood,-0.1350342063840053,0.432325700946927,36,Yes,0.7265994090929562,False
p10,Exercise_Avg_HR,readiness,-0.009476070755671,0.9562571597544156,36,Yes,0.9791044071449425,False
p10,Exercise_Avg_HR,sleep_quality,0.119960607945813,0.4858748513301148,36,Yes,0.7693699824379507,False
p10,Exercise_Avg_HR,stress,-0.0669780429509627,0.6979257758914637,36,Yes,0.8950714670462079,False
p10,Sleep_Hours,fatigue,0.254835677269886,0.1033766030562522,42,Yes,0.36438595619728886,False
p10,Sleep_Hours,mood,-0.073968889607667,0.6415411926275574,42,Yes,0.853002957164514,False
p10,Sleep_Hours,readiness,0.1606655473041293,0.3094241259194485,42,Yes,0.6275738779494238,False
p10,Sleep_Hours,sleep_quality,0.2412669763545555,0.1237456118308348,42,Yes,0.38856825372003817,False
p10,Sleep_Hours,stress,0.074894652391128,0.6373637203702146,42,Yes,0.853002957164514,False
p10,Sleep_Duration_Score,fatigue,0.6056183518764842,2.1419227411789377e-05,42,Yes,0.0022252197366692296,True
p10,Sleep_Duration_Score,mood,-0.0338237241566882,0.8316013023184825,42,Yes,0.9419187433204084,False
p10,Sleep_Duration_Score,readiness,0.2551690794849604,0.1029105730605872,42,Yes,0.36438595619728886,False
p10,Sleep_Duration_Score,sleep_quality,0.6353701869695882,6.171138642870087e-06,42,Yes,0.0014425036577708828,True
p10,Sleep_Duration_Score,stress,0.189948144530072,0.2282569367065284,42,Yes,0.5281991766544558,False
p10,Deep_Sleep_Minutes,fatigue,0.2447661877804977,0.1182256009613567,42,Yes,0.38249459134556585,False
p10,Deep_Sleep_Minutes,mood,-0.1325092262713965,0.4028512841839642,42,Yes,0.7040485060037505,False
p10,Deep_Sleep_Minutes,readiness,-0.1721594213443535,0.2756185257855835,42,Yes,0.5883637479669419,False
p10,Deep_Sleep_Minutes,sleep_quality,0.1685770410459642,0.2858839866904366,42,Yes,0.6006775900124903,False
p10,Deep_Sleep_Minutes,stress,-0.0267461492687973,0.8664780104488863,42,Yes,0.9518096836694051,False
p10,Sleep_Restlessness,fatigue,-0.137387773987288,0.3855974637561193,42,Yes,0.6853733014436733,False
p10,Sleep_Restlessness,mood,-0.0290920935372106,0.854886619085907,42,Yes,0.9463217694014057,False
p10,Sleep_Restlessness,readiness,-0.0146730368647772,0.9265174686606708,42,Yes,0.9726508121837331,False
p10,Sleep_Restlessness,sleep_quality,-0.1745001457627169,0.2690434303185917,42,Yes,0.5772979759590497,False
p10,Sleep_Restlessness,stress,-0.1789124342353729,0.2569330805193147,42,Yes,0.5668845768068351,False
p10,Sleep_Composition,fatigue,0.3319742237659046,0.0317266663487035,42,Yes,0.19262618854569982,False
p10,Sleep_Composition,mood,-0.158239955355474,0.3168810896504069,42,Yes,0.6332894868258614,False
p10,Sleep_Composition,readiness,0.0564806707068357,0.7223843884819228,42,Yes,0.9066297369688201,False
p10,Sleep_Composition,sleep_quality,0.3538492988425754,0.0215085452852476,42,Yes,0.15469607570543467,False
p10,Sleep_Composition,stress,-0.0483837404049754,0.7609162228029588,42,Yes,0.9215759952341535,False
p10,Sleep_Revitalization,fatigue,0.0085558390824517,0.957113826877516,42,Yes,0.9791044071449425,False
p10,Sleep_Revitalization,mood,-0.0378165479415572,0.8120609944700432,42,Yes,0.9358137270930645,False
p10,Sleep_Revitalization,readiness,0.1078781761878343,0.4964915542532022,42,Yes,0.7803958646911925,False
p10,Sleep_Revitalization,sleep_quality,0.15226996294905,0.3357129553986988,42,Yes,0.6450014048898403,False
p10,Sleep_Revitalization,stress,-0.363572512259022,0.0179454689728213,42,Yes,0.13975972782417967,False
p10,Sleep_Score,fatigue,0.4977174146707371,0.00079710842945,42,Yes,0.0228936999589345,True
p10,Sleep_Score,mood,-0.0766031996812132,0.6296830660406925,42,Yes,0.8495723906898232,False
p10,Sleep_Score,readiness,0.235740849883282,0.1328539473334357,42,Yes,0.4072735762516799,False
p10,Sleep_Score,sleep_quality,0.5859264019333688,4.5663934779800406e-05,42,Yes,0.0032842906937779522,True
p10,Sleep_Score,stress,-0.0390569915565572,0.8060127097842826,42,Yes,0.935106536407568,False
p11,Steps,fatigue,0.2462743078128286,0.072629120129112,54,Yes,0.30452119874762207,False
p11,Steps,mood,0.248402318599416,0.0701146943957145,54,Yes,0.2979874511817866,False
p11,Steps,readiness,0.2761192618166396,0.043274133316317,54,Yes,0.22801635462913278,False
p11,Steps,sleep_quality,-0.0695803193651043,0.617109264873535,54,Yes,0.8438710037018613,False
p11,Steps,stress,-0.1546189302565266,0.2642698303273716,54,Yes,0.5737685069441295,False
p11,Exercise_Count,fatigue,0.2218733199652598,0.1068645692093772,54,Yes,0.36582155749828615,False
p11,Exercise_Count,mood,0.103038824394719,0.4584282903108884,54,Yes,0.749353936085106,False
p11,Exercise_Count,readiness,0.5441130034011503,2.111921906333685e-05,54,Yes,0.0022252197366692296,True
p11,Exercise_Count,sleep_quality,0.1211678572003207,0.3827797555572197,54,Yes,0.6845967247384636,False
p11,Exercise_Count,stress,0.1392963802077185,0.3151029976479642,54,Yes,0.6322345553666233,False
p11,Exercise_Duration,fatigue,-0.0887703199755673,0.5232625542621236,54,Yes,0.7920175620767549,False
p11,Exercise_Duration,mood,0.0740873236862875,0.5944337106950905,54,Yes,0.8315210498251542,False
p11,Exercise_Duration,readiness,0.4107499822084588,0.0020344324422166,54,Yes,0.04423707752261676,True
p11,Exercise_Duration,sleep_quality,-0.1543569369602777,0.2650899444628501,54,Yes,0.5737685069441295,False
p11,Exercise_Duration,stress,0.100157353981868,0.4711577597837091,54,Yes,0.7564113999974881,False
p11,Exercise_Distance,fatigue,0.0683999467157247,0.6231081642582144,54,Yes,0.8480438625639453,False
p11,Exercise_Distance,mood,0.0368480992939934,0.7913707315074318,54,Yes,0.9332189150888249,False
p11,Exercise_Distance,readiness,0.192085137082506,0.1640738644545803,54,Yes,0.4552197722998,False
p11,Exercise_Distance,sleep_quality,-0.0478103216880997,0.7313665207489859,54,Yes,0.9129875793061439,False
p11,Exercise_Distance,stress,0.0498142994093685,0.7205560774957936,54,Yes,0.9066297369688201,False
p11,Exercise_Calories,fatigue,-0.0431022963770698,0.7569651718535182,54,Yes,0.9210961739737078,False
p11,Exercise_Calories,mood,0.0811656553755125,0.5595895913115001,54,Yes,0.8149786103991473,False
p11,Exercise_Calories,readiness,0.5053056526642724,9.734452368283394e-05,54,Yes,0.004869785401666224,True
p11,Exercise_Calories,sleep_quality,-0.1311550812182208,0.3444907091585082,54,Yes,0.6531785360153466,False
p11,Exercise_Calories,stress,0.1097264264942011,0.4296191915874685,54,Yes,0.7250793215420271,False
p11,Exercise_Avg_HR,fatigue,0.2680039626843037,0.2054514043572138,24,Yes,0.5109576804215341,False
p11,Exercise_Avg_HR,mood,,,24,Yes,,False
p11,Exercise_Avg_HR,readiness,0.5534930693877588,0.0050198837199684,24,Yes,0.07271181539136613,False
p11,Exercise_Avg_HR,sleep_quality,0.1697437695455119,0.4278019092384449,24,Yes,0.7246282339455543,False
p11,Exercise_Avg_HR,stress,,,24,Yes,,False
p11,Sleep_Hours,fatigue,0.2182998409789469,0.1127786704116423,54,Yes,0.3752599887362475,False
p11,Sleep_Hours,mood,0.1381753733829212,0.3190516245910804,54,Yes,0.6347090829631067,False
p11,Sleep_Hours,readiness,0.0164256650838332,0.906157142753918,54,Yes,0.9672440328944539,False
p11,Sleep_Hours,sleep_quality,0.1763504072014905,0.2020943344663618,54,Yes,0.5096991650272451,False
p11,Sleep_Hours,stress,-0.0491857801218321,0.7239409028179602,54,Yes,0.9073522039340386,False
p11,Sleep_Duration_Score,fatigue,0.3234214872047278,0.0170538431950082,54,Yes,0.13975972782417967,False
p11,Sleep_Duration_Score,mood,0.1232739219491184,0.3745019682461411,54,Yes,0.6786033726940736,False
p11,Sleep_Duration_Score,readiness,-0.042812478694229,0.7585497903312888,54,Yes,0.9210961739737078,False
p11,Sleep_Duration_Score,sleep_quality,0.3352574172647465,0.0132060640331316,54,Yes,0.11539878384091631,False
p11,Sleep_Duration_Score,stress,-0.2533108178168392,0.0645790703109236,54,Yes,0.28168579674164723,False
p11,Deep_Sleep_Minutes,fatigue,0.408291479649042,0.0021774813718588,54,Yes,0.0462714791519995,True
p11,Deep_Sleep_Minutes,mood,0.0407238856991952,0.7699982224369196,54,Yes,0.9292293572688372,False
p11,Deep_Sleep_Minutes,readiness,-0.0210562679953108,0.8798751474005785,54,Yes,0.9567898957077794,False
p11,Deep_Sleep_Minutes,sleep_quality,0.2101271766899667,0.1272427530140394,54,Yes,0.39394693400042,False
p11,Deep_Sleep_Minutes,stress,-0.0032384651235126,0.9814580597561834,54,Yes,0.9861256641056584,False
p11,Sleep_Restlessness,fatigue,0.0405060908474943,0.7711948985764305,54,Yes,0.9292293572688372,False
p11,Sleep_Restlessness,mood,0.1104527335008491,0.4265531227934485,54,Yes,0.7246282339455543,False
p11,Sleep_Restlessness,readiness,0.167100637177898,0.2271569057672646,54,Yes,0.528154497169935,False
p11,Sleep_Restlessness,sleep_quality,-0.0341949135632616,0.8060907157731825,54,Yes,0.935106536407568,False
p11,Sleep_Restlessness,stress,0.2356093124543423,0.0863281753543759,54,Yes,0.32470578554094043,False
p11,Sleep_Composition,fatigue,0.2615071609254008,0.0561206972857946,54,Yes,0.2655134511628022,False
p11,Sleep_Composition,mood,0.1099066190438664,0.4288573606452992,54,Yes,0.7250793215420271,False
p11,Sleep_Composition,readiness,-0.0034356502710968,0.9803292853215674,54,Yes,0.9861256641056584,False
p11,Sleep_Composition,sleep_quality,0.2340153739629089,0.0885389923496594,54,Yes,0.3285077692338553,False
p11,Sleep_Composition,stress,-0.0675367415394256,0.6275106047333381,54,Yes,0.8495723906898232,False
p11,Sleep_Revitalization,fatigue,0.1166254382490194,0.4010000691794357,54,Yes,0.7033081075918601,False
p11,Sleep_Revitalization,mood,-0.0699095979044645,0.6154401959240848,54,Yes,0.8437486557023743,False
p11,Sleep_Revitalization,readiness,0.1318262255263669,0.342005823330212,54,Yes,0.6511775312092223,False
p11,Sleep_Revitalization,sleep_quality,0.1543539003496585,0.2650994598929026,54,Yes,0.5737685069441295,False
p11,Sleep_Revitalization,stress,-0.2591391154213698,0.0584668489087598,54,Yes,0.269293121821135,False
p11,Sleep_Score,fatigue,0.3681381031349895,0.0061652071597499,54,Yes,0.08194450766985496,False
p11,Sleep_Score,mood,0.0939785709268702,0.4990801626853949,54,Yes,0.7803958646911925,False
p11,Sleep_Score,readiness,0.0310191197044991,0.8237978249564128,54,Yes,0.937044971209545,False
p11,Sleep_Score,sleep_quality,0.3797463196448871,0.0046229563903198,54,Yes,0.06971716491853247,False
p11,Sleep_Score,stress,-0.3009746320794618,0.0270007189379436,54,Yes,0.17325954015725362,False
p12,Steps,fatigue,0.1808001951305335,0.2842260721537063,37,Yes,0.5998902425817504,False
p12,Steps,mood,-0.0432706770960723,0.7992712137604917,37,Yes,0.9341482310825746,False
p12,Steps,readiness,0.478077026555998,0.002765201960799,37,Yes,0.057454751852156996,False
p12,Steps,sleep_quality,0.2082970783303528,0.2160282382070125,37,Yes,0.5152714355192772,False
p12,Steps,stress,0.0492179681204744,0.7723663395537799,37,Yes,0.9292293572688372,False
p12,Exercise_Count,fatigue,0.1930007348888127,0.2207282680254652,42,Yes,0.5211639661712373,False
p12,Exercise_Count,mood,-0.0836262315768278,0.5985213061256319,42,Yes,0.8315210498251542,False
p12,Exercise_Count,readiness,0.3344996752741966,0.0303736260199148,42,Yes,0.18740649081527297,False
p12,Exercise_Count,sleep_quality,0.1188530229491475,0.4534512801407351,42,Yes,0.746438286851386,False
p12,Exercise_Count,stress,-0.0501587388646512,0.7524166789948233,42,Yes,0.9210961739737078,False
p12,Exercise_Duration,fatigue,0.162727377232969,0.3031739234390807,42,Yes,0.6230057547594294,False
p12,Exercise_Duration,mood,-0.115098701325392,0.4679421168074381,42,Yes,0.7544711880865324,False
p12,Exercise_Duration,readiness,0.245065747813284,0.1177618219347962,42,Yes,0.3823170260730363,False
p12,Exercise_Duration,sleep_quality,0.0956758639655585,0.5466926531466629,42,Yes,0.8100754844566241,False
p12,Exercise_Duration,stress,-0.0839094839358436,0.5972787285872024,42,Yes,0.8315210498251542,False
p12,Exercise_Distance,fatigue,,,42,Yes,,False
p12,Exercise_Distance,mood,,,42,Yes,,False
p12,Exercise_Distance,readiness,,,42,Yes,,False
p12,Exercise_Distance,sleep_quality,,,42,Yes,,False
p12,Exercise_Distance,stress,,,42,Yes,,False
p12,Exercise_Calories,fatigue,0.1800837208462111,0.2537804045414232,42,Yes,0.5663118812559205,False
p12,Exercise_Calories,mood,-0.1237486320790215,0.4349270638939264,42,Yes,0.7286417351292955,False
p12,Exercise_Calories,readiness,0.2838857654745081,0.0684617526134144,42,Yes,0.2949849709379837,False
p12,Exercise_Calories,sleep_quality,0.1012449782851514,0.5234843603422143,42,Yes,0.7920175620767549,False
p12,Exercise_Calories,stress,-0.0928834893696219,0.5585108847076533,42,Yes,0.8149786103991473,False
p12,Exercise_Avg_HR,fatigue,0.3006940793687815,0.2109670575835475,19,Yes,0.5150240178606186,False
p12,Exercise_Avg_HR,mood,-0.1065883150282758,0.6640656252732242,19,Yes,0.8671806698749506,False
p12,Exercise_Avg_HR,readiness,0.4684748186538163,0.043066239966428,19,Yes,0.22801635462913278,False
p12,Exercise_Avg_HR,sleep_quality,0.0694888805019112,0.7774273113901451,19,Yes,0.9292293572688372,False
p12,Exercise_Avg_HR,stress,-0.0441704497598745,0.8575055594411697,19,Yes,0.9463217694014057,False
p12,Sleep_Hours,fatigue,,,0,No,,False
p12,Sleep_Hours,mood,,,0,No,,False
p12,Sleep_Hours,readiness,,,0,No,,False
p12,Sleep_Hours,sleep_quality,,,0,No,,False
p12,Sleep_Hours,stress,,,0,No,,False
p12,Sleep_Duration_Score,fatigue,,,0,No,,False
p12,Sleep_Duration_Score,mood,,,0,No,,False
p12,Sleep_Duration_Score,readiness,,,0,No,,False
p12,Sleep_Duration_Score,sleep_quality,,,0,No,,False
p12,Sleep_Duration_Score,stress,,,0,No,,False
p12,Deep_Sleep_Minutes,fatigue,,,0,No,,False
p12,Deep_Sleep_Minutes,mood,,,0,No,,False
p12,Deep_Sleep_Minutes,readiness,,,0,No,,False
p12,Deep_Sleep_Minutes,sleep_quality,,,0,No,,False
p12,Deep_Sleep_Minutes,stress,,,0,No,,False
p12,Sleep_Restlessness,fatigue,,,0,No,,False
p12,Sleep_Restlessness,mood,,,0,No,,False
p12,Sleep_Restlessness,readiness,,,0,No,,False
p12,Sleep_Restlessness,sleep_quality,,,0,No,,False
p12,Sleep_Restlessness,stress,,,0,No,,False
p12,Sleep_Composition,fatigue,,,0,No,,False
p12,Sleep_Composition,mood,,,0,No,,False
p12,Sleep_Composition,readiness,,,0,No,,False
p12,Sleep_Composition,sleep_quality,,,0,No,,False
p12,Sleep_Composition,stress,,,0,No,,False
p12,Sleep_Revitalization,fatigue,,,0,No,,False
p12,Sleep_Revitalization,mood,,,0,No,,False
p12,Sleep_Revitalization,readiness,,,0,No,,False
p12,Sleep_Revitalization,sleep_quality,,,0,No,,False
p12,Sleep_Revitalization,stress,,,0,No,,False
p12,Sleep_Score,fatigue,,,0,No,,False
p12,Sleep_Score,mood,,,0,No,,False
p12,Sleep_Score,readiness,,,0,No,,False
p12,Sleep_Score,sleep_quality,,,0,No,,False
p12,Sleep_Score,stress,,,0,No,,False
p13,Steps,fatigue,-0.180806664138812,0.4328511987858573,21,Yes,0.7265994090929562,False
p13,Steps,mood,-0.2433609662001716,0.2877738802176927,21,Yes,0.6019431275247039,False
p13,Steps,readiness,-0.1301476726459887,0.5739170443111359,21,Yes,0.8281056117760988,False
p13,Steps,sleep_quality,-0.0763203088355289,0.7423010541957985,21,Yes,0.9180575207315762,False
p13,Steps,stress,-0.282329084298314,0.2149797560537984,21,Yes,0.5152714355192772,False
p13,Exercise_Count,fatigue,-0.2739520431807386,0.1059204845843745,36,Yes,0.36577508913998247,False
p13,Exercise_Count,mood,-0.0019855305522049,0.9908303220928774,36,Yes,0.99235690951033,False
p13,Exercise_Count,readiness,-0.3489382826117623,0.0369960855234039,36,Yes,0.20877858819541847,False
p13,Exercise_Count,sleep_quality,-0.1921614754858605,0.2615302056934784,36,Yes,0.5717716151457006,False
p13,Exercise_Count,stress,-0.0660404606303146,0.701959348961625,36,Yes,0.8950714670462079,False
p13,Exercise_Duration,fatigue,-0.1910475811616832,0.2643578645243878,36,Yes,0.5737685069441295,False
p13,Exercise_Duration,mood,-0.06417381815354,0.7100136570770006,36,Yes,0.9005027758742409,False
p13,Exercise_Duration,readiness,-0.2262800642223114,0.1844907164999913,36,Yes,0.4897330538272119,False
p13,Exercise_Duration,sleep_quality,-0.1378394791313956,0.4227341178049478,36,Yes,0.7246282339455543,False
p13,Exercise_Duration,stress,0.011741339861155,0.9458142531427668,36,Yes,0.9772762894570279,False
p13,Exercise_Distance,fatigue,-0.0346828024644487,0.8408448234577733,36,Yes,0.9441439795128967,False
p13,Exercise_Distance,mood,0.3946742214678625,0.0172151995511312,36,Yes,0.13975972782417967,False
p13,Exercise_Distance,readiness,-0.0288571151993209,0.8673174871511584,36,Yes,0.9518096836694051,False
p13,Exercise_Distance,sleep_quality,-0.0337452558368226,0.8450943456085637,36,Yes,0.9441439795128967,False
p13,Exercise_Distance,stress,-0.006911940171296,0.9680863880410892,36,Yes,0.9838704052374112,False
p13,Exercise_Calories,fatigue,-0.1552143846407389,0.3660406091759814,36,Yes,0.6723928675433057,False
p13,Exercise_Calories,mood,0.0111253520482443,0.948653153401976,36,Yes,0.9772762894570279,False
p13,Exercise_Calories,readiness,-0.1661692730965792,0.3327521236336117,36,Yes,0.6450014048898403,False
p13,Exercise_Calories,sleep_quality,-0.1151548219476237,0.5036389652986224,36,Yes,0.7803958646911925,False
p13,Exercise_Calories,stress,0.0175391786718085,0.9191306849195172,36,Yes,0.9725282285208253,False
p13,Exercise_Avg_HR,fatigue,,,5,No,,False
p13,Exercise_Avg_HR,mood,,,5,No,,False
p13,Exercise_Avg_HR,readiness,,,5,No,,False
p13,Exercise_Avg_HR,sleep_quality,,,5,No,,False
p13,Exercise_Avg_HR,stress,,,5,No,,False
p13,Sleep_Hours,fatigue,-0.6550418827475052,0.0398102811550853,10,Yes,0.21767609871347812,False
p13,Sleep_Hours,mood,-0.7876478084318113,0.006823750304957,10,Yes,0.08489166268700735,False
p13,Sleep_Hours,readiness,-0.4890785752275691,0.1514127930774205,10,Yes,0.44309096662383196,False
p13,Sleep_Hours,sleep_quality,-0.6214278487439809,0.0551295894281231,10,Yes,0.26299064344538314,False
p13,Sleep_Hours,stress,-0.6698015636657306,0.034102572728591,10,Yes,0.2005402861712741,False
p13,Sleep_Duration_Score,fatigue,-0.2344462033357817,0.5144203256640413,10,Yes,0.7877631036272479,False
p13,Sleep_Duration_Score,mood,-0.4131501301648761,0.235343401663004,10,Yes,0.5353919234912622,False
p13,Sleep_Duration_Score,readiness,0.0877522391448266,0.8095133240797756,10,Yes,0.9355932731947963,False
p13,Sleep_Duration_Score,sleep_quality,-0.5636714068133732,0.0896996801227708,10,Yes,0.33105135764126664,False
p13,Sleep_Duration_Score,stress,-0.0220122725115403,0.951871478601072,10,Yes,0.9772762894570279,False
p13,Deep_Sleep_Minutes,fatigue,0.2295683058159308,0.5234586885269134,10,Yes,0.7920175620767549,False
p13,Deep_Sleep_Minutes,mood,-0.2075886249022187,0.564967666504548,10,Yes,0.8202558512139013,False
p13,Deep_Sleep_Minutes,readiness,0.4495810513490837,0.1923745050558344,10,Yes,0.4996393395200143,False
p13,Deep_Sleep_Minutes,sleep_quality,0.0371278467683535,0.9188946986215084,10,Yes,0.9725282285208253,False
p13,Deep_Sleep_Minutes,stress,0.0106389736353762,0.9767298791847128,10,Yes,0.9861256641056584,False
p13,Sleep_Restlessness,fatigue,0.2619682829890205,0.4646787894688773,10,Yes,0.7532473940586792,False
p13,Sleep_Restlessness,mood,0.2778497428516948,0.436992356364391,10,Yes,0.7296211664298314,False
p13,Sleep_Restlessness,readiness,0.0174263128861862,0.9618915146140624,10,Yes,0.9801494251084365,False
p13,Sleep_Restlessness,sleep_quality,0.6336706053644648,0.0491636446195618,10,Yes,0.248930190633224,False
p13,Sleep_Restlessness,stress,0.0043090517783225,0.9905741242551944,10,Yes,0.99235690951033,False
p13,Sleep_Composition,fatigue,-0.066139649177712,0.8559507560033199,10,Yes,0.9463217694014057,False
p13,Sleep_Composition,mood,-0.2934909881967556,0.4104899291025653,10,Yes,0.7133979251131944,False
p13,Sleep_Composition,readiness,0.1625438678676277,0.6536815067356427,10,Yes,0.8613160624938823,False
p13,Sleep_Composition,sleep_quality,-0.2707953460629531,0.4491955358035757,10,Yes,0.7417203108098389,False
p13,Sleep_Composition,stress,-0.0341543679719039,0.925374412977322,10,Yes,0.9726508121837331,False
p13,Sleep_Revitalization,fatigue,0.5993291268567305,0.0670734317072754,10,Yes,0.2903410122514004,False
p13,Sleep_Revitalization,mood,0.1819650660606526,0.6148715403492908,10,Yes,0.8437486557023743,False
p13,Sleep_Revitalization,readiness,0.7001070447646914,0.024175295824883,10,Yes,0.16499198245449348,False
p13,Sleep_Revitalization,sleep_quality,0.1591674327231874,0.6605088229921244,10,Yes,0.8649520301087344,False
p13,Sleep_Revitalization,stress,0.6035098490754185,0.0646951316297743,10,Yes,0.28168579674164723,False
p13,Sleep_Score,fatigue,-0.0315064177232612,0.9311480845180928,10,Yes,0.9726508121837331,False
p13,Sleep_Score,mood,-0.3274449676404747,0.3556998543901347,10,Yes,0.6611915782401112,False
p13,Sleep_Score,readiness,0.2875961299626761,0.4203871676160378,10,Yes,0.7241973519083804,False
p13,Sleep_Score,sleep_quality,-0.439285792107042,0.2040127112696854,10,Yes,0.5106661070945433,False
p13,Sleep_Score,stress,0.1342262142549295,0.7116132698774452,10,Yes,0.9005027758742409,False
p14,Steps,fatigue,0.229962291699689,0.0721680244011117,62,Yes,0.3039509135812587,False
p14,Steps,mood,,,62,Yes,,False
p14,Steps,readiness,0.3240624152641769,0.0101848998256869,62,Yes,0.10606344693671196,False
p14,Steps,sleep_quality,-0.0695598099867259,0.5911160820186554,62,Yes,0.8315210498251542,False
p14,Steps,stress,0.2492252469093953,0.0507711826124691,62,Yes,0.2538559130623455,False
p14,Exercise_Count,fatigue,0.0496592688186829,0.6991235583411081,63,Yes,0.8950714670462079,False
p14,Exercise_Count,mood,,,63,Yes,,False
p14,Exercise_Count,readiness,0.3113328003872657,0.013002223867099,63,Yes,0.11539878384091631,False
p14,Exercise_Count,sleep_quality,0.0229599948079804,0.8582412148639288,63,Yes,0.9463217694014057,False
p14,Exercise_Count,stress,0.1559542325191727,0.2222583320372932,63,Yes,0.5234547618510558,False
p14,Exercise_Duration,fatigue,0.126293880417052,0.3239812789524395,63,Yes,0.6387833365220186,False
p14,Exercise_Duration,mood,,,63,Yes,,False
p14,Exercise_Duration,readiness,0.1916512152398144,0.1323988207861078,63,Yes,0.4072134784046407,False
p14,Exercise_Duration,sleep_quality,-0.011253219480696,0.9302472396193436,63,Yes,0.9726508121837331,False
p14,Exercise_Duration,stress,0.2794392666440738,0.0265580445528035,63,Yes,0.17325954015725362,False
p14,Exercise_Distance,fatigue,0.2370880501108698,0.0613566719712679,63,Yes,0.27712031520737807,False
p14,Exercise_Distance,mood,,,63,Yes,,False
p14,Exercise_Distance,readiness,0.1602885337672697,0.2095127770934953,63,Yes,0.5141586524472916,False
p14,Exercise_Distance,sleep_quality,-0.067682908819612,0.5981493349658688,63,Yes,0.8315210498251542,False
p14,Exercise_Distance,stress,0.2195523027595802,0.0838252344403606,63,Yes,0.32470578554094043,False
p14,Exercise_Calories,fatigue,0.1817122438758579,0.1540672941957878,63,Yes,0.44309096662383196,False
p14,Exercise_Calories,mood,,,63,Yes,,False
p14,Exercise_Calories,readiness,0.2352442848633016,0.0634617797307972,63,Yes,0.2798903964542235,False
p14,Exercise_Calories,sleep_quality,-0.0057494556291408,0.964329373412719,63,Yes,0.9811185681620155,False
p14,Exercise_Calories,stress,0.2451564805153737,0.0527981621876362,63,Yes,0.26119725738327965,False
p14,Exercise_Avg_HR,fatigue,0.1131801943395352,0.4151504872692906,54,Yes,0.7188253807347902,False
p14,Exercise_Avg_HR,mood,,,54,Yes,,False
p14,Exercise_Avg_HR,readiness,-0.0317820766020044,0.8195355369170787,54,Yes,0.9358137270930645,False
p14,Exercise_Avg_HR,sleep_quality,0.0117350249916917,0.9328818862754396,54,Yes,0.9726508121837331,False
p14,Exercise_Avg_HR,stress,0.058946285131515,0.6720049748701084,54,Yes,0.8751039714534141,False
p14,Sleep_Hours,fatigue,-0.1037496417775398,0.4733717498863191,50,Yes,0.7578811406570348,False
p14,Sleep_Hours,mood,,,50,Yes,,False
p14,Sleep_Hours,readiness,0.2325828306054865,0.1040798035434467,50,Yes,0.36438595619728886,False
p14,Sleep_Hours,sleep_quality,0.1592860237960293,0.269199911784113,50,Yes,0.5772979759590497,False
p14,Sleep_Hours,stress,-0.167199207840349,0.2458186553664071,50,Yes,0.5564677960337596,False
p14,Sleep_Duration_Score,fatigue,-0.0097701730293424,0.9492111258135012,45,Yes,0.9772762894570279,False
p14,Sleep_Duration_Score,mood,,,45,Yes,,False
p14,Sleep_Duration_Score,readiness,0.2920831008302428,0.0515461207975865,45,Yes,0.2563596965199116,False
p14,Sleep_Duration_Score,sleep_quality,0.3025052627017654,0.0434084610951718,45,Yes,0.22801635462913278,False
p14,Sleep_Duration_Score,stress,0.0239852986391667,0.8757232810908414,45,Yes,0.9554273836872074,False
p14,Deep_Sleep_Minutes,fatigue,-0.0040455880559193,0.97775532528153,50,Yes,0.9861256641056584,False
p14,Deep_Sleep_Minutes,mood,,,50,Yes,,False
p14,Deep_Sleep_Minutes,readiness,0.2899173939905242,0.0411251144358377,50,Yes,0.22098840228453015,False
p14,Deep_Sleep_Minutes,sleep_quality,0.076231665801374,0.598768621135409,50,Yes,0.8315210498251542,False
p14,Deep_Sleep_Minutes,stress,-0.1422772214332821,0.3243138326317341,50,Yes,0.6387833365220186,False
p14,Sleep_Restlessness,fatigue,-0.1721104887044726,0.2582554653343351,45,Yes,0.5681620237355371,False
p14,Sleep_Restlessness,mood,,,45,Yes,,False
p14,Sleep_Restlessness,readiness,-0.0894231689580067,0.5591121703219004,45,Yes,0.8149786103991473,False
p14,Sleep_Restlessness,sleep_quality,-0.308364978075552,0.0393139033599297,45,Yes,0.21750591503866432,False
p14,Sleep_Restlessness,stress,0.1159962253604281,0.4479742613298156,45,Yes,0.7417203108098389,False
p14,Sleep_Composition,fatigue,0.2353932583293761,0.119566867950152,45,Yes,0.38417533172986984,False
p14,Sleep_Composition,mood,,,45,Yes,,False
p14,Sleep_Composition,readiness,0.1254317890866298,0.4116496814532695,45,Yes,0.7140861821128145,False
p14,Sleep_Composition,sleep_quality,0.4528796246750062,0.0017851769063696,45,Yes,0.0417285101863894,True
p14,Sleep_Composition,stress,-0.2264019007131053,0.1347819942100887,45,Yes,0.41049239278968386,False
p14,Sleep_Revitalization,fatigue,0.1565083341652941,0.3045665189548949,45,Yes,0.6243415432635244,False
p14,Sleep_Revitalization,mood,,,45,Yes,,False
p14,Sleep_Revitalization,readiness,0.3710725007806404,0.0120904621464526,45,Yes,0.1153528786421753,False
p14,Sleep_Revitalization,sleep_quality,0.0953378002367978,0.5333041983198188,45,Yes,0.7965486029217741,False
p14,Sleep_Revitalization,stress,0.1137996100694306,0.4566755862410821,45,Yes,0.7484000253288488,False
p14,Sleep_Score,fatigue,0.0964047424384082,0.5287113614021612,45,Yes,0.7939581039642853,False
p14,Sleep_Score,mood,,,45,Yes,,False
p14,Sleep_Score,readiness,0.3699762864953981,0.0123667086041371,45,Yes,0.11539878384091631,False
p14,Sleep_Score,sleep_quality,0.3675890754723293,0.0129869923016916,45,Yes,0.11539878384091631,False
p14,Sleep_Score,stress,0.0014734253348862,0.9923357221767546,45,Yes,0.99235690951033,False
p15,Steps,fatigue,0.0569293182111149,0.7007315766854824,48,Yes,0.8950714670462079,False
p15,Steps,mood,0.3475451731982815,0.015504595914295,48,Yes,0.13060177639518764,False
p15,Steps,readiness,0.0749045245517396,0.6128664150131143,48,Yes,0.843279507916857,False
p15,Steps,sleep_quality,0.2341710374376602,0.1091595877454779,48,Yes,0.36582155749828615,False
p15,Steps,stress,0.1575374192718029,0.2849003151162184,48,Yes,0.5999589969226671,False
p15,Exercise_Count,fatigue,-0.0566349793074174,0.7022071168569173,48,Yes,0.8950714670462079,False
p15,Exercise_Count,mood,0.1129865365732063,0.4445021787867365,48,Yes,0.7395187494049797,False
p15,Exercise_Count,readiness,-0.0392468642614468,0.7911290374216129,48,Yes,0.9332189150888249,False
p15,Exercise_Count,sleep_quality,-0.1419533667532282,0.3358271594534149,48,Yes,0.6450014048898403,False
p15,Exercise_Count,stress,0.0656395694587802,0.6575810190676179,48,Yes,0.8647514104475706,False
p15,Exercise_Duration,fatigue,0.1486012923797008,0.3134486506995507,48,Yes,0.6316260525949997,False
p15,Exercise_Duration,mood,0.3361161908912553,0.0195066267725267,48,Yes,0.14644857846038487,False
p15,Exercise_Duration,readiness,0.2514868915437714,0.0846613876125398,48,Yes,0.32470578554094043,False
p15,Exercise_Duration,sleep_quality,0.1064710665531695,0.4713648938554483,48,Yes,0.7564113999974881,False
p15,Exercise_Duration,stress,0.1286774605924723,0.3834072861844778,48,Yes,0.6845967247384636,False
p15,Exercise_Distance,fatigue,0.043825625412432,0.7674047511006338,48,Yes,0.9282321374891237,False
p15,Exercise_Distance,mood,-0.0093159596762287,0.9498916469837546,48,Yes,0.9772762894570279,False
p15,Exercise_Distance,readiness,0.190342868680462,0.1950247085774925,48,Yes,0.5023363705783898,False
p15,Exercise_Distance,sleep_quality,-0.0565456722401542,0.7026550340234402,48,Yes,0.8950714670462079,False
p15,Exercise_Distance,stress,-0.03917760197343,0.7914894114068858,48,Yes,0.9332189150888249,False
p15,Exercise_Calories,fatigue,0.2240229991782378,0.1258453212701613,48,Yes,0.39321116738331685,False
p15,Exercise_Calories,mood,0.3262192699310441,0.0236459026979174,48,Yes,0.1625655810481821,False
p15,Exercise_Calories,readiness,0.2627797782436166,0.0711591109107061,48,Yes,0.3010577769299105,False
p15,Exercise_Calories,sleep_quality,0.0828323447079335,0.5756736147026859,48,Yes,0.8285643083281086,False
p15,Exercise_Calories,stress,0.1635072630891566,0.2668076175912067,48,Yes,0.5748044296031758,False
p15,Exercise_Avg_HR,fatigue,0.2096359441646298,0.1620278660180897,46,Yes,0.4522270290355637,False
p15,Exercise_Avg_HR,mood,-0.0422043046832159,0.7806362311282158,46,Yes,0.9292293572688372,False
p15,Exercise_Avg_HR,readiness,0.2814067529727135,0.0581517850796985,46,Yes,0.26916791608672325,False
p15,Exercise_Avg_HR,sleep_quality,-0.1792317820405969,0.2333258711474562,46,Yes,0.5335938435272521,False
p15,Exercise_Avg_HR,stress,0.0570470061370124,0.7064927972978103,46,Yes,0.8975146270019737,False
p15,Sleep_Hours,fatigue,0.1566923985118851,0.2875246136270741,48,Yes,0.6019431275247039,False
p15,Sleep_Hours,mood,0.3401327937417271,0.0180107901821645,48,Yes,0.13975972782417967,False
p15,Sleep_Hours,readiness,0.0422460844293072,0.7755663607327974,48,Yes,0.9292293572688372,False
p15,Sleep_Hours,sleep_quality,0.1819561404914174,0.2158039783547337,48,Yes,0.5152714355192772,False
p15,Sleep_Hours,stress,0.0122780685631419,0.9339901119490688,48,Yes,0.9726508121837331,False
p15,Sleep_Duration_Score,fatigue,-0.0086934126137255,0.953236337951668,48,Yes,0.9772762894570279,False
p15,Sleep_Duration_Score,mood,0.1087899177929297,0.4617065801358974,48,Yes,0.7517494045387234,False
p15,Sleep_Duration_Score,readiness,0.0132535796036724,0.9287585289619288,48,Yes,0.9726508121837331,False
p15,Sleep_Duration_Score,sleep_quality,0.1748243344437656,0.2346482039048048,48,Yes,0.5351123674414451,False
p15,Sleep_Duration_Score,stress,-0.088441449627818,0.5499987976190832,48,Yes,0.8123994877943803,False
p15,Deep_Sleep_Minutes,fatigue,0.2144030292138771,0.1433714776853012,48,Yes,0.42965490908896353,False
p15,Deep_Sleep_Minutes,mood,0.2507738105507677,0.0855769582936129,48,Yes,0.32470578554094043,False
p15,Deep_Sleep_Minutes,readiness,0.0999455216118837,0.4991132402055325,48,Yes,0.7803958646911925,False
p15,Deep_Sleep_Minutes,sleep_quality,0.36519859892931,0.0107012799945063,48,Yes,0.10790704688484978,False
p15,Deep_Sleep_Minutes,stress,0.1854458090002004,0.2069781402879604,48,Yes,0.5119697385429709,False
p15,Sleep_Restlessness,fatigue,0.1752799705938993,0.2334116385055039,48,Yes,0.5335938435272521,False
p15,Sleep_Restlessness,mood,-0.0601984952757263,0.6844174290147053,48,Yes,0.883881624487223,False
p15,Sleep_Restlessness,readiness,-0.2771156966905556,0.0565418561956627,48,Yes,0.26566148514042526,False
p15,Sleep_Restlessness,sleep_quality,-0.309056664718958,0.0325656041725275,48,Yes,0.19362729303631562,False
p15,Sleep_Restlessness,stress,0.0162349042424935,0.9127893045814626,48,Yes,0.9720478357444959,False
p15,Sleep_Composition,fatigue,0.1201491058495935,0.4159727332362353,48,Yes,0.718917755223438,False
p15,Sleep_Composition,mood,-0.0129307041563035,0.930489763818666,48,Yes,0.9726508121837331,False
p15,Sleep_Composition,readiness,0.0378791050017819,0.7982534334964062,48,Yes,0.9341263583468583,False
p15,Sleep_Composition,sleep_quality,0.4010446429395595,0.0047291963998636,48,Yes,0.07018727990273756,False
p15,Sleep_Composition,stress,0.093344764300186,0.5280114245481974,48,Yes,0.7939581039642853,False
p15,Sleep_Revitalization,fatigue,0.1595058315051444,0.2788481400981047,48,Yes,0.5925522977084725,False
p15,Sleep_Revitalization,mood,0.0178093987988454,0.9043689722203836,48,Yes,0.9672440328944539,False
p15,Sleep_Revitalization,readiness,0.2534006179050463,0.0822420815311092,48,Yes,0.32470578554094043,False
p15,Sleep_Revitalization,sleep_quality,0.1921596999399034,0.1907169756317941,48,Yes,0.4967141287346169,False
p15,Sleep_Revitalization,stress,-0.1366926064616552,0.3542229728347935,48,Yes,0.6611915782401112,False
p15,Sleep_Score,fatigue,0.0923891430658229,0.532262378509114,48,Yes,0.7962645182496345,False
p15,Sleep_Score,mood,0.0705057422288248,0.6339352259765353,48,Yes,0.852159645250414,False
p15,Sleep_Score,readiness,0.1172383084103882,0.427438565208757,48,Yes,0.7246282339455543,False
p15,Sleep_Score,sleep_quality,0.3040271367756399,0.0356539018886331,48,Yes,0.20578023620908611,False
p15,Sleep_Score,stress,-0.0792658364822821,0.5922780741606517,48,Yes,0.8315210498251542,False
p16,Steps,fatigue,-0.1046900176972379,0.5147842313542764,41,Yes,0.7877631036272479,False
p16,Steps,mood,-0.040317424400391,0.8023742574580071,41,Yes,0.935106536407568,False
p16,Steps,readiness,-0.2442236729448842,0.1238431439663865,41,Yes,0.38856825372003817,False
p16,Steps,sleep_quality,-0.2646403075139004,0.0945083534419315,41,Yes,0.3385644079241607,False
p16,Steps,stress,-0.0661923014521714,0.6809393184366871,41,Yes,0.8806061725287724,False
p16,Exercise_Count,fatigue,-0.0664925823999464,0.6795691428181826,41,Yes,0.880051452264544,False
p16,Exercise_Count,mood,0.053295447813842,0.7406904118680762,41,Yes,0.9180575207315762,False
p16,Exercise_Count,readiness,-0.1405403624584718,0.3807968055849689,41,Yes,0.6845967247384636,False
p16,Exercise_Count,sleep_quality,-0.1989720627480862,0.2123397399772431,41,Yes,0.5152714355192772,False
p16,Exercise_Count,stress,-0.0457552175595111,0.7763607885285024,41,Yes,0.9292293572688372,False
p16,Exercise_Duration,fatigue,-0.1069257003501869,0.5057966780779279,41,Yes,0.7803958646911925,False
p16,Exercise_Duration,mood,0.0161426294882808,0.9202068666552468,41,Yes,0.9725282285208253,False
p16,Exercise_Duration,readiness,-0.2053513816080057,0.1977443523077382,41,Yes,0.5065506011170827,False
p16,Exercise_Duration,sleep_quality,-0.225461221777465,0.1563850470437054,41,Yes,0.44309096662383196,False
p16,Exercise_Duration,stress,-0.0200857505725244,0.9008032885264448,41,Yes,0.9672440328944539,False
p16,Exercise_Distance,fatigue,,,0,No,,False
p16,Exercise_Distance,mood,,,0,No,,False
p16,Exercise_Distance,readiness,,,0,No,,False
p16,Exercise_Distance,sleep_quality,,,0,No,,False
p16,Exercise_Distance,stress,,,0,No,,False
p16,Exercise_Calories,fatigue,-0.1173824919275808,0.4648382314137518,41,Yes,0.7532473940586792,False
p16,Exercise_Calories,mood,0.0130786910245895,0.9353162667651992,41,Yes,0.9727705332874986,False
p16,Exercise_Calories,readiness,-0.21592775760939,0.1751269050719416,41,Yes,0.4725614721843154,False
p16,Exercise_Calories,sleep_quality,-0.2267680112130523,0.153934640638489,41,Yes,0.44309096662383196,False
p16,Exercise_Calories,stress,-0.0136400955991656,0.9325459437816174,41,Yes,0.9726508121837331,False
p16,Exercise_Avg_HR,fatigue,,,4,No,,False
p16,Exercise_Avg_HR,mood,,,4,No,,False
p16,Exercise_Avg_HR,readiness,,,4,No,,False
p16,Exercise_Avg_HR,sleep_quality,,,4,No,,False
p16,Exercise_Avg_HR,stress,,,4,No,,False
p16,Sleep_Hours,fatigue,0.431236265072504,0.0054668947197491,40,Yes,0.07629173974575236,False
p16,Sleep_Hours,mood,0.3311627790828038,0.0368568545405231,40,Yes,0.20877858819541847,False
p16,Sleep_Hours,readiness,-0.0374949575948541,0.8183249490633088,40,Yes,0.9358137270930645,False
p16,Sleep_Hours,sleep_quality,0.27474162007061,0.0862151590431974,40,Yes,0.32470578554094043,False
p16,Sleep_Hours,stress,0.3347264859982316,0.0347557919862468,40,Yes,0.20193466697148585,False
p16,Sleep_Duration_Score,fatigue,0.6238450998596137,1.7011490695630765e-05,40,Yes,0.0022252197366692296,True
p16,Sleep_Duration_Score,mood,0.3781074976316272,0.0161461578427224,40,Yes,0.1347915855620129,False
p16,Sleep_Duration_Score,readiness,0.3346989567487924,0.0347716378421489,40,Yes,0.20193466697148585,False
p16,Sleep_Duration_Score,sleep_quality,0.397605678318447,0.011064680632306,40,Yes,0.11005825948091605,False
p16,Sleep_Duration_Score,stress,0.3639002815376561,0.0209825114193465,40,Yes,0.15447754470148803,False
p16,Deep_Sleep_Minutes,fatigue,0.4822018053513605,0.001627979983644,40,Yes,0.03994443727720487,True
p16,Deep_Sleep_Minutes,mood,0.3886510730360919,0.0131973670050602,40,Yes,0.11539878384091631,False
p16,Deep_Sleep_Minutes,readiness,0.0347332613544579,0.8315058148976535,40,Yes,0.9419187433204084,False
p16,Deep_Sleep_Minutes,sleep_quality,0.3043292956372648,0.0562263778932993,40,Yes,0.2655134511628022,False
p16,Deep_Sleep_Minutes,stress,0.3851193922125122,0.0141295163006508,40,Yes,0.12120273156980273,False
p16,Sleep_Restlessness,fatigue,-0.0788910434162898,0.6284679034357282,40,Yes,0.8495723906898232,False
p16,Sleep_Restlessness,mood,-0.1093078929055877,0.5019541485091282,40,Yes,0.7803958646911925,False
p16,Sleep_Restlessness,readiness,-0.4509490616670466,0.0034964869295466,40,Yes,0.06538430558252141,False
p16,Sleep_Restlessness,sleep_quality,-0.3531845696410289,0.0253848264814363,40,Yes,0.17075404863412189,False
p16,Sleep_Restlessness,stress,-0.1229405111547304,0.4497918890151643,40,Yes,0.7417203108098389,False
p16,Sleep_Composition,fatigue,0.2753707440781057,0.0854691950938749,40,Yes,0.32470578554094043,False
p16,Sleep_Composition,mood,0.3249932998299896,0.0407390143275997,40,Yes,0.22017906587459954,False
p16,Sleep_Composition,readiness,0.0372952326795946,0.819276578569714,40,Yes,0.9358137270930645,False
p16,Sleep_Composition,sleep_quality,0.360004414854479,0.0225026966605813,40,Yes,0.15805384500023242,False
p16,Sleep_Composition,stress,0.2095898421808429,0.1942869452525966,40,Yes,0.5023363705783898,False
p16,Sleep_Revitalization,fatigue,0.0194019369920597,0.9054111486355668,40,Yes,0.9672440328944539,False
p16,Sleep_Revitalization,mood,0.0754902565441871,0.6433900215256492,40,Yes,0.853002957164514,False
p16,Sleep_Revitalization,readiness,0.2369593480332034,0.1409669636139627,40,Yes,0.42517455154533906,False
p16,Sleep_Revitalization,sleep_quality,0.2845098501198185,0.075188126294154,40,Yes,0.3110659207302389,False
p16,Sleep_Revitalization,stress,0.0120044991690509,0.9413937900690948,40,Yes,0.9769180840339664,False
p16,Sleep_Score,fatigue,0.5297108326553196,0.0004397036364015,40,Yes,0.01468296071555009,True
p16,Sleep_Score,mood,0.3957816910396782,0.0114734828936755,40,Yes,0.11174694276652701,False
p16,Sleep_Score,readiness,0.3214797354160233,0.0430945443608295,40,Yes,0.22801635462913278,False
p16,Sleep_Score,sleep_quality,0.4901086476725556,0.0013262518509274,40,Yes,0.033514742719381596,True
p16,Sleep_Score,stress,0.3258440336719729,0.0401847160451709,40,Yes,0.21844598547810923,False
