Analysis,Participant,Behavioral_Variable,Wellbeing_Variable,r,p,N,p_FDR
lagged,p01,Steps,readiness,-0.5513998405216314,2.3346905726246063e-06,64,0.0011312858244706
lagged,p01,Exercise_Duration,readiness,-0.454128343410481,0.0001637582475985,64,0.0352080232336775
lagged,p01,Exercise_Distance,readiness,-0.4909814883675654,3.802201284720302e-05,64,0.0108996436828648
lagged,p01,Exercise_Calories,readiness,-0.5490383961731159,2.6308972662108664e-06,64,0.0011312858244706
same_day,p02,Steps,readiness,0.553478565900745,3.059230299184328e-05,50,0.0025030066084235
same_day,p02,Exercise_Duration,readiness,0.488601671925256,0.0003181568332435,50,0.0119308812466312
same_day,p02,Exercise_Distance,readiness,0.4922313508422883,0.0002824802837781,50,0.0111852236222999
same_day,p02,Exercise_Calories,readiness,0.5452740040047641,4.226391389944765e-05,50,0.0029259632699617
same_day,p04,Steps,mood,0.4232972274453322,0.0002116300843083,72,0.0100245829409194
same_day,p06,Steps,readiness,0.3811133086137478,0.0008080129397271,74,0.0234584401856254
same_day,p06,Exercise_Distance,readiness,0.4100019301480218,0.000285844603681,74,0.0111852236222999
same_day,p06,Sleep_Duration_Score,stress,0.355527697136649,0.0020237716166925,73,0.0446582731218277
same_day,p07,Sleep_Duration_Score,sleep_quality,0.5609960044689465,1.4232782215846517e-06,64,0.0003988218231955
same_day,p07,Deep_Sleep_Minutes,sleep_quality,0.399267230318956,0.0010821362705434,64,0.0286447836320311
same_day,p07,Sleep_Composition,sleep_quality,0.4536487437439204,0.0001667206233076,64,0.008463804269505
same_day,p07,Sleep_Score,sleep_quality,0.5559567723937645,1.849255659470204e-06,64,0.0003988218231955
same_day,p08,Steps,fatigue,0.4571353928531694,0.0006571068408135,52,0.0215070452986872
same_day,p08,Steps,readiness,0.7016325789408804,6.860656232200864e-09,52,6.174590608980778e-06
same_day,p08,Exercise_Duration,readiness,0.4415069069212822,0.0010511138354062,52,0.0286447836320311
same_day,p08,Exercise_Distance,readiness,0.5122074236651856,0.0001037503860913,52,0.0058359592176356
same_day,p08,Exercise_Distance,stress,0.414690447129733,0.0022386429968086,52,0.0468553185378544
same_day,p08,Exercise_Calories,readiness,0.5160412099363442,9.014747687406472e-05,52,0.0057951949419041
same_day,p08,Sleep_Duration_Score,mood,0.4871936576032857,0.0003330614012847,50,0.0119902104462492
same_day,p08,Sleep_Restlessness,readiness,-0.6670017183043704,1.2295540697906817e-07,50,5.532993314058068e-05
same_day,p08,Sleep_Composition,sleep_quality,0.4621682922146249,0.0007278418092539,50,0.021835254277617
same_day,p08,Sleep_Revitalization,readiness,0.4961171314896558,0.0002483415640379,50,0.0111753703817055
same_day,p08,Sleep_Revitalization,sleep_quality,0.4637956032882808,0.0006930047929577,50,0.0215070452986872
same_day,p08,Sleep_Score,mood,0.4638198516986295,0.0006924972326454,50,0.0215070452986872
same_day,p08,Sleep_Score,sleep_quality,0.4935654803467617,0.0002703071407649,50,0.0111852236222999
same_day,p09,Sleep_Hours,fatigue,0.6398877827820351,2.215676795530978e-06,45,0.0003988218231955
same_day,p09,Sleep_Hours,sleep_quality,0.4687772961507681,0.0011622594276912,45,0.0298866709977737
same_day,p09,Sleep_Duration_Score,fatigue,0.6057551295961315,1.037794787728312e-05,45,0.0015566921815924
same_day,p09,Sleep_Duration_Score,sleep_quality,0.4554879213798363,0.001666131608354,45,0.0394610117768052
same_day,p09,Sleep_Score,fatigue,0.592942341027169,1.771119337282267e-05,45,0.0019373755909098
same_day,p10,Sleep_Duration_Score,fatigue,0.6095355112771257,3.809928955640016e-05,39,0.00285744671673
same_day,p10,Sleep_Duration_Score,sleep_quality,0.6244408443631926,2.152639545455361e-05,39,0.0019373755909098
same_day,p10,Sleep_Score,fatigue,0.511705100975709,0.0008697328696572,39,0.0244612369591087
same_day,p10,Sleep_Score,sleep_quality,0.5666787523308817,0.0001692760853901,39,0.008463804269505
same_day,p11,Exercise_Count,readiness,0.5441130034011503,2.111921906333685e-05,54,0.0019373755909098
same_day,p11,Exercise_Duration,readiness,0.4107499822084588,0.0020344324422166,54,0.0446582731218277
same_day,p11,Exercise_Calories,readiness,0.5053056526642724,9.734452368283394e-05,54,0.0058359592176356
same_day,p11,Deep_Sleep_Minutes,fatigue,0.408291479649042,0.0021774813718588,54,0.04666031511126
same_day,p14,Sleep_Composition,sleep_quality,0.4528796246750062,0.0017851769063696,45,0.0411963901469907
same_day,p16,Sleep_Duration_Score,fatigue,0.6238450998596137,1.7011490695630765e-05,40,0.0019373755909098
same_day,p16,Deep_Sleep_Minutes,fatigue,0.4822018053513605,0.001627979983644,40,0.0394610117768052
same_day,p16,Sleep_Score,fatigue,0.5297108326553196,0.0004397036364015,40,0.0152205104908211
same_day,p16,Sleep_Score,sleep_quality,0.4901086476725556,0.0013262518509274,40,0.033156296273185
sensitivity_Z1,p01,Exercise_Avg_HR,readiness,0.4394245683606674,0.0025271408471391,45,0.0476930623704762
sensitivity_Z1,p02,Steps,readiness,0.5778032428681453,2.6137167641932665e-05,46,0.0025759630775993
sensitivity_Z1,p02,Exercise_Duration,readiness,0.506731495193182,0.0003262157581051,46,0.0125805816277923
sensitivity_Z1,p02,Exercise_Distance,readiness,0.49756419209324,0.0004345038398648,46,0.0149871887587398
sensitivity_Z1,p02,Exercise_Calories,readiness,0.5690452212600559,3.682527033589764e-05,46,0.0027730471499189
sensitivity_Z1,p04,Steps,mood,0.4314745992236434,0.0001721105915265,71,0.0080348470886318
sensitivity_Z1,p06,Steps,readiness,0.3793518513817587,0.0011039100914756,71,0.0287990662099663
sensitivity_Z1,p06,Exercise_Distance,readiness,0.4043131400375235,0.0004706897269349,71,0.0149871887587398
sensitivity_Z1,p07,Sleep_Duration_Score,sleep_quality,0.5659142725716066,1.639861162911071e-06,62,0.000484852283834
sensitivity_Z1,p07,Deep_Sleep_Minutes,sleep_quality,0.4029131628145971,0.0011671627269937,62,0.0295792382526689
sensitivity_Z1,p07,Sleep_Composition,sleep_quality,0.4531017627256867,0.0002172924062917,62,0.0087835033563818
sensitivity_Z1,p07,Sleep_Score,sleep_quality,0.5596470359792839,2.2580356574593166e-06,62,0.0005007194070416
sensitivity_Z1,p08,Steps,fatigue,0.5223914131819932,0.0001655593283649,47,0.0080348470886318
sensitivity_Z1,p08,Steps,readiness,0.7457816535171198,1.7994576581216623e-09,47,1.5961189427539143e-06
sensitivity_Z1,p08,Steps,stress,0.4808430091692405,0.0006235478510201,47,0.0178415143178977
sensitivity_Z1,p08,Exercise_Count,readiness,0.4455638278254941,0.0016976761826945,47,0.0387323704797129
sensitivity_Z1,p08,Exercise_Duration,readiness,0.4853095323180584,0.0005450207064749,47,0.016670116091146
sensitivity_Z1,p08,Exercise_Distance,readiness,0.5142162789720124,0.0002178546492,47,0.0087835033563818
sensitivity_Z1,p08,Exercise_Calories,fatigue,0.4378019238123073,0.0020869561816424,47,0.0438623605673998
sensitivity_Z1,p08,Exercise_Calories,readiness,0.554515363682526,5.245585709686159e-05,47,0.0033234532317797
sensitivity_Z1,p08,Sleep_Duration_Score,mood,0.5262821649522993,0.0002045907390878,45,0.0087835033563818
sensitivity_Z1,p08,Sleep_Restlessness,readiness,-0.6978626688104436,9.921043513743648e-08,45,4.399982798345309e-05
sensitivity_Z1,p08,Sleep_Composition,sleep_quality,0.4546628929803157,0.0017030016332681,45,0.0387323704797129
sensitivity_Z1,p08,Sleep_Revitalization,fatigue,0.4565156535151704,0.0016211944161778,45,0.0387323704797129
sensitivity_Z1,p08,Sleep_Revitalization,readiness,0.5718813675150148,4.064217919836061e-05,45,0.0027730471499189
sensitivity_Z1,p08,Sleep_Revitalization,sleep_quality,0.5002500913951806,0.0004665154176828,45,0.0149871887587398
sensitivity_Z1,p08,Sleep_Score,mood,0.5065262965722753,0.0003847380582644,45,0.0142192774033551
sensitivity_Z1,p08,Sleep_Score,sleep_quality,0.4997888067487618,0.0004731017871981,45,0.0149871887587398
sensitivity_Z1,p09,Steps,fatigue,-0.4816361498280274,0.0022015991865654,38,0.0438623605673998
sensitivity_Z1,p09,Sleep_Hours,fatigue,0.6743098927919473,3.456462832249984e-06,38,0.0006131765064411
sensitivity_Z1,p09,Sleep_Hours,sleep_quality,0.5138379316551849,0.0009678663041283,38,0.0260150730836909
sensitivity_Z1,p09,Sleep_Duration_Score,fatigue,0.6465978892357929,1.1556847563859909e-05,38,0.0015488383712966
sensitivity_Z1,p09,Sleep_Duration_Score,sleep_quality,0.5299380194482761,0.0006220741087413,38,0.0178415143178977
sensitivity_Z1,p09,Sleep_Revitalization,readiness,0.4900656125735763,0.0017890483316105,38,0.0396721467534628
sensitivity_Z1,p09,Sleep_Score,fatigue,0.6452401485832499,1.2223076210909086e-05,38,0.0015488383712966
sensitivity_Z1,p09,Sleep_Score,sleep_quality,0.5032122345739454,0.0012806907322466,38,0.0315547966528537
sensitivity_Z1,p10,Sleep_Duration_Score,fatigue,0.6369044648648905,2.961087488040069e-05,36,0.0026264846018915
sensitivity_Z1,p10,Sleep_Duration_Score,sleep_quality,0.6539700901877303,1.522036013310819e-05,36,0.0016875574297583
sensitivity_Z1,p10,Sleep_Score,fatigue,0.5281057132641315,0.0009313960675871,36,0.0258171347484299
sensitivity_Z1,p10,Sleep_Score,sleep_quality,0.5948347908681775,0.0001302147125784,36,0.0077000300038027
sensitivity_Z1,p11,Exercise_Count,readiness,0.5424438484595118,3.924417876248518e-05,51,0.0027730471499189
sensitivity_Z1,p11,Exercise_Calories,readiness,0.5024545892591243,0.0001718541286738,51,0.0080348470886318
sensitivity_Z1,p11,Deep_Sleep_Minutes,fatigue,0.4161529482862189,0.0023868722870897,51,0.046025124318447
sensitivity_Z1,p14,Sleep_Composition,sleep_quality,0.4501919509395188,0.0021673021298075,44,0.0438623605673998
sensitivity_Z1,p16,Sleep_Duration_Score,fatigue,0.6179378348950635,0.0001642201541499,32,0.0080348470886318
sensitivity_Z1,p16,Deep_Sleep_Minutes,fatigue,0.521142299018684,0.0022252606826753,32,0.0438623605673998
sensitivity_Z1,p16,Sleep_Score,fatigue,0.5289522051917255,0.0018545976080379,32,0.0401226360568199
seven_day,p01,Sleep_Duration_Score,stress,-0.4574834704540815,0.0001852673129326,62,0.0271318511420757
seven_day,p01,Sleep_Score,stress,-0.454705381979552,0.0002050265829376,62,0.0271318511420757
seven_day,p06,Exercise_Count,stress,0.5270769603938563,4.598417324314309e-06,67,0.0012170477851685
seven_day,p06,Exercise_Duration,stress,0.5987036152482487,8.72463856935557e-08,67,6.927363024068324e-05
seven_day,p06,Exercise_Calories,stress,0.5718341762701042,4.31202864001625e-07,67,0.0001711875370086
seven_day,p07,Exercise_Avg_HR,stress,0.6073835163686799,0.0001779879999519,33,0.0271318511420757
