Participant,Variable,Status,First_10_Days_All_Missing,Total_Missing,Total_Rows,Missing_Percent
p01_daily_merged,Steps,Available,False,0.0,138,0.0
p01_daily_merged,Exercise_Count,Available,False,0.0,138,0.0
p01_daily_merged,Exercise_Duration,Available,False,0.0,138,0.0
p01_daily_merged,Exercise_Distance,Available,False,0.0,138,0.0
p01_daily_merged,Exercise_Calories,Available,False,0.0,138,0.0
p01_daily_merged,Exercise_Avg_HR,Available,False,31.0,138,22.463768115942027
p01_daily_merged,Sleep_Hours,Available_Sleep_Exempt,False,1.0,138,0.7246376811594203
p01_daily_merged,Sleep_Duration_Score,Available_Sleep_Exempt,False,1.0,138,0.7246376811594203
p01_daily_merged,Deep_Sleep_Minutes,Available_Sleep_Exempt,False,1.0,138,0.7246376811594203
p01_daily_merged,Sleep_Restlessness,Available_Sleep_Exempt,False,1.0,138,0.7246376811594203
p01_daily_merged,Sleep_Composition,Available_Sleep_Exempt,False,1.0,138,0.7246376811594203
p01_daily_merged,Sleep_Revitalization,Available_Sleep_Exempt,False,1.0,138,0.7246376811594203
p01_daily_merged,Sleep_Score,Available_Sleep_Exempt,False,1.0,138,0.7246376811594203
p02_daily_merged,Steps,Available,False,1.0,99,1.0101010101010102
p02_daily_merged,Exercise_Count,Available,False,0.0,99,0.0
p02_daily_merged,Exercise_Duration,Available,False,0.0,99,0.0
p02_daily_merged,Exercise_Distance,Available,False,0.0,99,0.0
p02_daily_merged,Exercise_Calories,Available,False,0.0,99,0.0
p02_daily_merged,Exercise_Avg_HR,Available,False,12.0,99,12.121212121212121
p02_daily_merged,Sleep_Hours,Available_Sleep_Exempt,False,3.0,99,3.0303030303030303
p02_daily_merged,Sleep_Duration_Score,Available_Sleep_Exempt,False,6.0,99,6.0606060606060606
p02_daily_merged,Deep_Sleep_Minutes,Available_Sleep_Exempt,False,3.0,99,3.0303030303030303
p02_daily_merged,Sleep_Restlessness,Available_Sleep_Exempt,False,6.0,99,6.0606060606060606
p02_daily_merged,Sleep_Composition,Available_Sleep_Exempt,False,6.0,99,6.0606060606060606
p02_daily_merged,Sleep_Revitalization,Available_Sleep_Exempt,False,6.0,99,6.0606060606060606
p02_daily_merged,Sleep_Score,Available_Sleep_Exempt,False,6.0,99,6.0606060606060606
p03_daily_merged,Steps,Available,False,12.0,78,15.384615384615385
p03_daily_merged,Exercise_Count,Available,False,0.0,78,0.0
p03_daily_merged,Exercise_Duration,Available,False,0.0,78,0.0
p03_daily_merged,Exercise_Distance,Available,False,0.0,78,0.0
p03_daily_merged,Exercise_Calories,Available,False,0.0,78,0.0
p03_daily_merged,Exercise_Avg_HR,Available,False,43.0,78,55.12820512820513
p03_daily_merged,Sleep_Hours,Available_Sleep_Exempt,False,31.0,78,39.743589743589745
p03_daily_merged,Sleep_Duration_Score,Available_Sleep_Exempt,False,33.0,78,42.30769230769231
p03_daily_merged,Deep_Sleep_Minutes,Available_Sleep_Exempt,False,31.0,78,39.743589743589745
p03_daily_merged,Sleep_Restlessness,Available_Sleep_Exempt,False,33.0,78,42.30769230769231
p03_daily_merged,Sleep_Composition,Available_Sleep_Exempt,False,33.0,78,42.30769230769231
p03_daily_merged,Sleep_Revitalization,Available_Sleep_Exempt,False,33.0,78,42.30769230769231
p03_daily_merged,Sleep_Score,Available_Sleep_Exempt,False,33.0,78,42.30769230769231
p04_daily_merged,Steps,Available,False,5.0,144,3.4722222222222223
p04_daily_merged,Exercise_Count,Available,False,0.0,144,0.0
p04_daily_merged,Exercise_Duration,Available,False,0.0,144,0.0
p04_daily_merged,Exercise_Distance,Available,False,0.0,144,0.0
p04_daily_merged,Exercise_Calories,Available,False,0.0,144,0.0
p04_daily_merged,Exercise_Avg_HR,Available,False,35.0,144,24.305555555555554
p04_daily_merged,Sleep_Hours,Available_Sleep_Exempt,False,7.0,144,4.861111111111112
p04_daily_merged,Sleep_Duration_Score,Available_Sleep_Exempt,False,10.0,144,6.944444444444445
p04_daily_merged,Deep_Sleep_Minutes,Available_Sleep_Exempt,False,7.0,144,4.861111111111112
p04_daily_merged,Sleep_Restlessness,Available_Sleep_Exempt,False,10.0,144,6.944444444444445
p04_daily_merged,Sleep_Composition,Available_Sleep_Exempt,False,10.0,144,6.944444444444445
p04_daily_merged,Sleep_Revitalization,Available_Sleep_Exempt,False,10.0,144,6.944444444444445
p04_daily_merged,Sleep_Score,Available_Sleep_Exempt,False,10.0,144,6.944444444444445
p05_daily_merged,Steps,Available,False,6.0,134,4.477611940298507
p05_daily_merged,Exercise_Count,Available,False,0.0,134,0.0
p05_daily_merged,Exercise_Duration,Available,False,0.0,134,0.0
p05_daily_merged,Exercise_Distance,Available,False,0.0,134,0.0
p05_daily_merged,Exercise_Calories,Available,False,0.0,134,0.0
p05_daily_merged,Exercise_Avg_HR,Available,False,57.0,134,42.53731343283582
p05_daily_merged,Sleep_Hours,Available_Sleep_Exempt,False,29.0,134,21.641791044776117
p05_daily_merged,Sleep_Duration_Score,Available_Sleep_Exempt,False,30.0,134,22.388059701492537
p05_daily_merged,Deep_Sleep_Minutes,Available_Sleep_Exempt,False,29.0,134,21.641791044776117
p05_daily_merged,Sleep_Restlessness,Available_Sleep_Exempt,False,30.0,134,22.388059701492537
p05_daily_merged,Sleep_Composition,Available_Sleep_Exempt,False,30.0,134,22.388059701492537
p05_daily_merged,Sleep_Revitalization,Available_Sleep_Exempt,False,30.0,134,22.388059701492537
p05_daily_merged,Sleep_Score,Available_Sleep_Exempt,False,30.0,134,22.388059701492537
p06_daily_merged,Steps,Available,False,0.0,147,0.0
p06_daily_merged,Exercise_Count,Available,False,0.0,147,0.0
p06_daily_merged,Exercise_Duration,Available,False,0.0,147,0.0
p06_daily_merged,Exercise_Distance,Available,False,0.0,147,0.0
p06_daily_merged,Exercise_Calories,Available,False,0.0,147,0.0
p06_daily_merged,Exercise_Avg_HR,Available,False,59.0,147,40.136054421768705
p06_daily_merged,Sleep_Hours,Available_Sleep_Exempt,False,1.0,147,0.6802721088435374
p06_daily_merged,Sleep_Duration_Score,Available_Sleep_Exempt,False,4.0,147,2.7210884353741496
p06_daily_merged,Deep_Sleep_Minutes,Available_Sleep_Exempt,False,1.0,147,0.6802721088435374
p06_daily_merged,Sleep_Restlessness,Available_Sleep_Exempt,False,4.0,147,2.7210884353741496
p06_daily_merged,Sleep_Composition,Available_Sleep_Exempt,False,4.0,147,2.7210884353741496
p06_daily_merged,Sleep_Revitalization,Available_Sleep_Exempt,False,4.0,147,2.7210884353741496
p06_daily_merged,Sleep_Score,Available_Sleep_Exempt,False,4.0,147,2.7210884353741496
p07_daily_merged,Steps,Available,False,0.0,132,0.0
p07_daily_merged,Exercise_Count,Available,False,0.0,132,0.0
p07_daily_merged,Exercise_Duration,Available,False,0.0,132,0.0
p07_daily_merged,Exercise_Distance,Available,False,0.0,132,0.0
p07_daily_merged,Exercise_Calories,Available,False,0.0,132,0.0
p07_daily_merged,Exercise_Avg_HR,Available,False,20.0,132,15.151515151515152
p07_daily_merged,Sleep_Hours,Available_Sleep_Exempt,False,5.0,132,3.787878787878788
p07_daily_merged,Sleep_Duration_Score,Available_Sleep_Exempt,False,6.0,132,4.545454545454546
p07_daily_merged,Deep_Sleep_Minutes,Available_Sleep_Exempt,False,5.0,132,3.787878787878788
p07_daily_merged,Sleep_Restlessness,Available_Sleep_Exempt,False,6.0,132,4.545454545454546
p07_daily_merged,Sleep_Composition,Available_Sleep_Exempt,False,6.0,132,4.545454545454546
p07_daily_merged,Sleep_Revitalization,Available_Sleep_Exempt,False,6.0,132,4.545454545454546
p07_daily_merged,Sleep_Score,Available_Sleep_Exempt,False,6.0,132,4.545454545454546
p08_daily_merged,Steps,Available,False,3.0,103,2.912621359223301
p08_daily_merged,Exercise_Count,Available,False,0.0,103,0.0
p08_daily_merged,Exercise_Duration,Available,False,0.0,103,0.0
p08_daily_merged,Exercise_Distance,Available,False,0.0,103,0.0
p08_daily_merged,Exercise_Calories,Available,False,0.0,103,0.0
p08_daily_merged,Exercise_Avg_HR,Available,False,12.0,103,11.650485436893204
p08_daily_merged,Sleep_Hours,Available_Sleep_Exempt,False,9.0,103,8.737864077669903
p08_daily_merged,Sleep_Duration_Score,Available_Sleep_Exempt,False,9.0,103,8.737864077669903
p08_daily_merged,Deep_Sleep_Minutes,Available_Sleep_Exempt,False,9.0,103,8.737864077669903
p08_daily_merged,Sleep_Restlessness,Available_Sleep_Exempt,False,9.0,103,8.737864077669903
p08_daily_merged,Sleep_Composition,Available_Sleep_Exempt,False,9.0,103,8.737864077669903
p08_daily_merged,Sleep_Revitalization,Available_Sleep_Exempt,False,9.0,103,8.737864077669903
p08_daily_merged,Sleep_Score,Available_Sleep_Exempt,False,9.0,103,8.737864077669903
p09_daily_merged,Steps,Available,False,1.0,102,0.9803921568627451
p09_daily_merged,Exercise_Count,Available,False,0.0,102,0.0
p09_daily_merged,Exercise_Duration,Available,False,0.0,102,0.0
p09_daily_merged,Exercise_Distance,Available,False,0.0,102,0.0
p09_daily_merged,Exercise_Calories,Available,False,0.0,102,0.0
p09_daily_merged,Exercise_Avg_HR,Available,False,72.0,102,70.58823529411765
p09_daily_merged,Sleep_Hours,Available_Sleep_Exempt,False,8.0,102,7.8431372549019605
p09_daily_merged,Sleep_Duration_Score,Available_Sleep_Exempt,False,10.0,102,9.803921568627452
p09_daily_merged,Deep_Sleep_Minutes,Available_Sleep_Exempt,False,8.0,102,7.8431372549019605
p09_daily_merged,Sleep_Restlessness,Available_Sleep_Exempt,False,10.0,102,9.803921568627452
p09_daily_merged,Sleep_Composition,Available_Sleep_Exempt,False,10.0,102,9.803921568627452
p09_daily_merged,Sleep_Revitalization,Available_Sleep_Exempt,False,10.0,102,9.803921568627452
p09_daily_merged,Sleep_Score,Available_Sleep_Exempt,False,10.0,102,9.803921568627452
p10_daily_merged,Steps,Available,False,1.0,95,1.0526315789473684
p10_daily_merged,Exercise_Count,Available,False,0.0,95,0.0
p10_daily_merged,Exercise_Duration,Available,False,0.0,95,0.0
p10_daily_merged,Exercise_Distance,Available,False,0.0,95,0.0
p10_daily_merged,Exercise_Calories,Available,False,0.0,95,0.0
p10_daily_merged,Exercise_Avg_HR,Available,False,29.0,95,30.526315789473685
p10_daily_merged,Sleep_Hours,Available_Sleep_Exempt,False,15.0,95,15.789473684210526
p10_daily_merged,Sleep_Duration_Score,Available_Sleep_Exempt,False,15.0,95,15.789473684210526
p10_daily_merged,Deep_Sleep_Minutes,Available_Sleep_Exempt,False,15.0,95,15.789473684210526
p10_daily_merged,Sleep_Restlessness,Available_Sleep_Exempt,False,15.0,95,15.789473684210526
p10_daily_merged,Sleep_Composition,Available_Sleep_Exempt,False,15.0,95,15.789473684210526
p10_daily_merged,Sleep_Revitalization,Available_Sleep_Exempt,False,15.0,95,15.789473684210526
p10_daily_merged,Sleep_Score,Available_Sleep_Exempt,False,15.0,95,15.789473684210526
p11_daily_merged,Steps,Available,False,0.0,107,0.0
p11_daily_merged,Exercise_Count,Available,False,0.0,107,0.0
p11_daily_merged,Exercise_Duration,Available,False,0.0,107,0.0
p11_daily_merged,Exercise_Distance,Available,False,0.0,107,0.0
p11_daily_merged,Exercise_Calories,Available,False,0.0,107,0.0
p11_daily_merged,Exercise_Avg_HR,Available,False,52.0,107,48.598130841121495
p11_daily_merged,Sleep_Hours,Available_Sleep_Exempt,False,0.0,107,0.0
p11_daily_merged,Sleep_Duration_Score,Available_Sleep_Exempt,False,0.0,107,0.0
p11_daily_merged,Deep_Sleep_Minutes,Available_Sleep_Exempt,False,0.0,107,0.0
p11_daily_merged,Sleep_Restlessness,Available_Sleep_Exempt,False,0.0,107,0.0
p11_daily_merged,Sleep_Composition,Available_Sleep_Exempt,False,0.0,107,0.0
p11_daily_merged,Sleep_Revitalization,Available_Sleep_Exempt,False,0.0,107,0.0
p11_daily_merged,Sleep_Score,Available_Sleep_Exempt,False,0.0,107,0.0
p12_daily_merged,Steps,Available,False,8.0,83,9.63855421686747
p12_daily_merged,Exercise_Count,Available,False,0.0,83,0.0
p12_daily_merged,Exercise_Duration,Available,False,0.0,83,0.0
p12_daily_merged,Exercise_Distance,Available,False,0.0,83,0.0
p12_daily_merged,Exercise_Calories,Available,False,0.0,83,0.0
p12_daily_merged,Exercise_Avg_HR,Available,False,43.0,83,51.80722891566265
p12_daily_merged,Sleep_Hours,Available_Sleep_Exempt,False,79.0,83,95.18072289156626
p12_daily_merged,Sleep_Duration_Score,Available_Sleep_Exempt,False,82.0,83,98.79518072289156
p12_daily_merged,Deep_Sleep_Minutes,Available_Sleep_Exempt,False,79.0,83,95.18072289156626
p12_daily_merged,Sleep_Restlessness,Available_Sleep_Exempt,False,82.0,83,98.79518072289156
p12_daily_merged,Sleep_Composition,Available_Sleep_Exempt,False,82.0,83,98.79518072289156
p12_daily_merged,Sleep_Revitalization,Available_Sleep_Exempt,False,82.0,83,98.79518072289156
p12_daily_merged,Sleep_Score,Available_Sleep_Exempt,False,82.0,83,98.79518072289156
p13_daily_merged,Steps,Available,False,20.0,68,29.411764705882355
p13_daily_merged,Exercise_Count,Available,False,0.0,68,0.0
p13_daily_merged,Exercise_Duration,Available,False,0.0,68,0.0
p13_daily_merged,Exercise_Distance,Available,False,0.0,68,0.0
p13_daily_merged,Exercise_Calories,Available,False,0.0,68,0.0
p13_daily_merged,Exercise_Avg_HR,Available,False,47.0,68,69.11764705882352
p13_daily_merged,Sleep_Hours,Available_Sleep_Exempt,False,33.0,68,48.529411764705884
p13_daily_merged,Sleep_Duration_Score,Available_Sleep_Exempt,False,37.0,68,54.41176470588235
p13_daily_merged,Deep_Sleep_Minutes,Available_Sleep_Exempt,False,33.0,68,48.529411764705884
p13_daily_merged,Sleep_Restlessness,Available_Sleep_Exempt,False,37.0,68,54.41176470588235
p13_daily_merged,Sleep_Composition,Available_Sleep_Exempt,False,37.0,68,54.41176470588235
p13_daily_merged,Sleep_Revitalization,Available_Sleep_Exempt,False,37.0,68,54.41176470588235
p13_daily_merged,Sleep_Score,Available_Sleep_Exempt,False,37.0,68,54.41176470588235
p14_daily_merged,Steps,Available,False,4.0,124,3.225806451612903
p14_daily_merged,Exercise_Count,Available,False,0.0,124,0.0
p14_daily_merged,Exercise_Duration,Available,False,0.0,124,0.0
p14_daily_merged,Exercise_Distance,Available,False,0.0,124,0.0
p14_daily_merged,Exercise_Calories,Available,False,0.0,124,0.0
p14_daily_merged,Exercise_Avg_HR,Available,False,19.0,124,15.32258064516129
p14_daily_merged,Sleep_Hours,Available_Sleep_Exempt,False,17.0,124,13.709677419354838
p14_daily_merged,Sleep_Duration_Score,Available_Sleep_Exempt,False,22.0,124,17.741935483870968
p14_daily_merged,Deep_Sleep_Minutes,Available_Sleep_Exempt,False,17.0,124,13.709677419354838
p14_daily_merged,Sleep_Restlessness,Available_Sleep_Exempt,False,22.0,124,17.741935483870968
p14_daily_merged,Sleep_Composition,Available_Sleep_Exempt,False,22.0,124,17.741935483870968
p14_daily_merged,Sleep_Revitalization,Available_Sleep_Exempt,False,22.0,124,17.741935483870968
p14_daily_merged,Sleep_Score,Available_Sleep_Exempt,False,22.0,124,17.741935483870968
p15_daily_merged,Steps,Available,False,0.0,93,0.0
p15_daily_merged,Exercise_Count,Available,False,0.0,93,0.0
p15_daily_merged,Exercise_Duration,Available,False,0.0,93,0.0
p15_daily_merged,Exercise_Distance,Available,False,0.0,93,0.0
p15_daily_merged,Exercise_Calories,Available,False,0.0,93,0.0
p15_daily_merged,Exercise_Avg_HR,Available,False,4.0,93,4.301075268817205
p15_daily_merged,Sleep_Hours,Available_Sleep_Exempt,False,0.0,93,0.0
p15_daily_merged,Sleep_Duration_Score,Available_Sleep_Exempt,False,0.0,93,0.0
p15_daily_merged,Deep_Sleep_Minutes,Available_Sleep_Exempt,False,0.0,93,0.0
p15_daily_merged,Sleep_Restlessness,Available_Sleep_Exempt,False,0.0,93,0.0
p15_daily_merged,Sleep_Composition,Available_Sleep_Exempt,False,0.0,93,0.0
p15_daily_merged,Sleep_Revitalization,Available_Sleep_Exempt,False,0.0,93,0.0
p15_daily_merged,Sleep_Score,Available_Sleep_Exempt,False,0.0,93,0.0
p16_daily_merged,Steps,Available,False,0.0,82,0.0
p16_daily_merged,Exercise_Count,Available,False,0.0,82,0.0
p16_daily_merged,Exercise_Duration,Available,False,0.0,82,0.0
p16_daily_merged,Exercise_Distance,Missing_Column,False,,82,
p16_daily_merged,Exercise_Calories,Available,False,0.0,82,0.0
p16_daily_merged,Exercise_Avg_HR,Available,False,73.0,82,89.02439024390245
p16_daily_merged,Sleep_Hours,Available_Sleep_Exempt,False,1.0,82,1.2195121951219512
p16_daily_merged,Sleep_Duration_Score,Available_Sleep_Exempt,False,1.0,82,1.2195121951219512
p16_daily_merged,Deep_Sleep_Minutes,Available_Sleep_Exempt,False,1.0,82,1.2195121951219512
p16_daily_merged,Sleep_Restlessness,Available_Sleep_Exempt,False,1.0,82,1.2195121951219512
p16_daily_merged,Sleep_Composition,Available_Sleep_Exempt,False,1.0,82,1.2195121951219512
p16_daily_merged,Sleep_Revitalization,Available_Sleep_Exempt,False,1.0,82,1.2195121951219512
p16_daily_merged,Sleep_Score,Available_Sleep_Exempt,False,1.0,82,1.2195121951219512
