Participant,Behavioral_Variable,Wellbeing_Variable,Z_Threshold,r,p,N,Included
p01,Steps,fatigue,1.0,0.14376111669175884,0.3891913140579552,38,Yes
p01,Steps,mood,1.0,0.10193301785341106,0.5425532651275793,38,Yes
p01,Steps,readiness,1.0,-0.12342722678514043,0.460350390794187,38,Yes
p01,Steps,sleep_quality,1.0,0.1505348487749872,0.3669951198327727,38,Yes
p01,Steps,stress,1.0,0.1415255181425853,0.3966850139179265,38,Yes
p01,Exercise_Count,fatigue,1.0,-0.023306287835877203,0.9159364043664388,23,Yes
p01,Exercise_Count,mood,1.0,-0.3700370177860012,0.08221526541247723,23,Yes
p01,Exercise_Count,readiness,1.0,-0.06014139957108768,0.7851684315165995,23,Yes
p01,Exercise_Count,sleep_quality,1.0,-0.11656570809328042,0.5963436643719263,23,Yes
p01,Exercise_Count,stress,1.0,-0.2050615276888448,0.34792326317009703,23,Yes
p01,Exercise_Duration,fatigue,1.0,0.06075019868603791,0.7498034990194282,30,Yes
p01,Exercise_Duration,mood,1.0,-0.05681487604972814,0.7655459956501756,30,Yes
p01,Exercise_Duration,readiness,1.0,0.2044868003074907,0.278394257459914,30,Yes
p01,Exercise_Duration,sleep_quality,1.0,0.17682802203341827,0.3499080080995951,30,Yes
p01,Exercise_Duration,stress,1.0,-0.18355900797151442,0.33156983276369795,30,Yes
p01,Exercise_Distance,fatigue,1.0,,,10,Yes
p01,Exercise_Distance,mood,1.0,,,10,Yes
p01,Exercise_Distance,readiness,1.0,-0.26800376148706917,0.4540667031339759,10,Yes
p01,Exercise_Distance,sleep_quality,1.0,0.1467198776433144,0.6858704840323158,10,Yes
p01,Exercise_Distance,stress,1.0,0.15853580097297643,0.6617885381406877,10,Yes
p01,Exercise_Calories,fatigue,1.0,0.11791412953090633,0.5424005407211003,29,Yes
p01,Exercise_Calories,mood,1.0,0.11113619536065604,0.5660059002777739,29,Yes
p01,Exercise_Calories,readiness,1.0,0.21456605469809448,0.2636834920498986,29,Yes
p01,Exercise_Calories,sleep_quality,1.0,0.2684194128515629,0.1591632565355708,29,Yes
p01,Exercise_Calories,stress,1.0,-0.1296025499427631,0.502815832695566,29,Yes
p01,Exercise_Avg_HR,fatigue,1.0,0.5737058203239269,0.010219071592360811,19,Yes
p01,Exercise_Avg_HR,mood,1.0,,,19,Yes
p01,Exercise_Avg_HR,readiness,1.0,0.6991586387309421,0.0008652177934163739,19,Yes
p01,Exercise_Avg_HR,sleep_quality,1.0,0.22731269142684757,0.34932524404561466,19,Yes
p01,Exercise_Avg_HR,stress,1.0,-0.0041030499604639,0.9866994367230227,19,Yes
p01,Sleep_Hours,fatigue,1.0,,,7,No
p01,Sleep_Hours,mood,1.0,,,7,No
p01,Sleep_Hours,readiness,1.0,,,7,No
p01,Sleep_Hours,sleep_quality,1.0,,,7,No
p01,Sleep_Hours,stress,1.0,,,7,No
p01,Sleep_Duration_Score,fatigue,1.0,0.0073710841081171125,0.9776007732730719,17,Yes
p01,Sleep_Duration_Score,mood,1.0,0.10028315576662145,0.7017559046690186,17,Yes
p01,Sleep_Duration_Score,readiness,1.0,0.11701424918076841,0.6546909354413976,17,Yes
p01,Sleep_Duration_Score,sleep_quality,1.0,0.21134286061469054,0.41548752541494127,17,Yes
p01,Sleep_Duration_Score,stress,1.0,-0.4675682108797073,0.05841909469958908,17,Yes
p01,Deep_Sleep_Minutes,fatigue,1.0,-0.42032305134727743,0.15270008544199323,13,Yes
p01,Deep_Sleep_Minutes,mood,1.0,,,13,Yes
p01,Deep_Sleep_Minutes,readiness,1.0,-0.527091099211487,0.06418268385362645,13,Yes
p01,Deep_Sleep_Minutes,sleep_quality,1.0,-0.31287786746395335,0.2979408970499281,13,Yes
p01,Deep_Sleep_Minutes,stress,1.0,,,13,Yes
p01,Sleep_Restlessness,fatigue,1.0,-0.0972289458540507,0.7011233218301276,18,Yes
p01,Sleep_Restlessness,mood,1.0,,,18,Yes
p01,Sleep_Restlessness,readiness,1.0,-0.1603987161998939,0.5249088402591471,18,Yes
p01,Sleep_Restlessness,sleep_quality,1.0,-0.072942365781341,0.773626800063643,18,Yes
p01,Sleep_Restlessness,stress,1.0,0.30523759196814076,0.21806060518657067,18,Yes
p01,Sleep_Composition,fatigue,1.0,-0.2917274624839368,0.09411878030039139,34,Yes
p01,Sleep_Composition,mood,1.0,-0.1784348682760372,0.3126580923789296,34,Yes
p01,Sleep_Composition,readiness,1.0,-0.16993244048129302,0.3366438361116163,34,Yes
p01,Sleep_Composition,sleep_quality,1.0,-0.24781226969923886,0.15763062878595738,34,Yes
p01,Sleep_Composition,stress,1.0,-0.31887206553078706,0.06604837918726969,34,Yes
p01,Sleep_Revitalization,fatigue,1.0,0.6267465967470568,0.005378637248595492,18,Yes
p01,Sleep_Revitalization,mood,1.0,,,18,Yes
p01,Sleep_Revitalization,readiness,1.0,0.44304811656667475,0.06556179874766505,18,Yes
p01,Sleep_Revitalization,sleep_quality,1.0,0.11857595983014987,0.6393426636001529,18,Yes
p01,Sleep_Revitalization,stress,1.0,,,18,Yes
p01,Sleep_Score,fatigue,1.0,0.2436755226315671,0.36311090989313033,16,Yes
p01,Sleep_Score,mood,1.0,,,16,Yes
p01,Sleep_Score,readiness,1.0,0.11889610149412397,0.6609749938551887,16,Yes
p01,Sleep_Score,sleep_quality,1.0,0.09405006253597858,0.7290023302690976,16,Yes
p01,Sleep_Score,stress,1.0,-0.3968313590150113,0.12804445297819717,16,Yes
p02,Steps,fatigue,1.0,,,14,Yes
p02,Steps,mood,1.0,0.35337468127061733,0.2151943411086305,14,Yes
p02,Steps,readiness,1.0,0.7779125835272643,0.0010530910487435087,14,Yes
p02,Steps,sleep_quality,1.0,,,14,Yes
p02,Steps,stress,1.0,0.37670369790242436,0.18430020756288792,14,Yes
p02,Exercise_Count,fatigue,1.0,,,7,No
p02,Exercise_Count,mood,1.0,,,7,No
p02,Exercise_Count,readiness,1.0,,,7,No
p02,Exercise_Count,sleep_quality,1.0,,,7,No
p02,Exercise_Count,stress,1.0,,,7,No
p02,Exercise_Duration,fatigue,1.0,,,6,No
p02,Exercise_Duration,mood,1.0,,,6,No
p02,Exercise_Duration,readiness,1.0,,,6,No
p02,Exercise_Duration,sleep_quality,1.0,,,6,No
p02,Exercise_Duration,stress,1.0,,,6,No
p02,Exercise_Distance,fatigue,1.0,,,7,No
p02,Exercise_Distance,mood,1.0,,,7,No
p02,Exercise_Distance,readiness,1.0,,,7,No
p02,Exercise_Distance,sleep_quality,1.0,,,7,No
p02,Exercise_Distance,stress,1.0,,,7,No
p02,Exercise_Calories,fatigue,1.0,,,18,Yes
p02,Exercise_Calories,mood,1.0,0.0441261446958826,0.861979403291259,18,Yes
p02,Exercise_Calories,readiness,1.0,0.77230417884858,0.00017270887740662426,18,Yes
p02,Exercise_Calories,sleep_quality,1.0,,,18,Yes
p02,Exercise_Calories,stress,1.0,-0.01402694679888368,0.9559462999038442,18,Yes
p02,Exercise_Avg_HR,fatigue,1.0,,,17,Yes
p02,Exercise_Avg_HR,mood,1.0,0.20088292261386842,0.4394604898731666,17,Yes
p02,Exercise_Avg_HR,readiness,1.0,0.06971405406365336,0.7903414512636043,17,Yes
p02,Exercise_Avg_HR,sleep_quality,1.0,-0.2599077813572025,0.3137167873177217,17,Yes
p02,Exercise_Avg_HR,stress,1.0,,,17,Yes
p02,Sleep_Hours,fatigue,1.0,,,14,Yes
p02,Sleep_Hours,mood,1.0,,,14,Yes
p02,Sleep_Hours,readiness,1.0,0.2134058038142797,0.4638331324199246,14,Yes
p02,Sleep_Hours,sleep_quality,1.0,0.12462977997856627,0.6711961801025853,14,Yes
p02,Sleep_Hours,stress,1.0,,,14,Yes
p02,Sleep_Duration_Score,fatigue,1.0,,,14,Yes
p02,Sleep_Duration_Score,mood,1.0,,,14,Yes
p02,Sleep_Duration_Score,readiness,1.0,-0.11327622443042945,0.6998154679290918,14,Yes
p02,Sleep_Duration_Score,sleep_quality,1.0,,,14,Yes
p02,Sleep_Duration_Score,stress,1.0,,,14,Yes
p02,Deep_Sleep_Minutes,fatigue,1.0,,,12,Yes
p02,Deep_Sleep_Minutes,mood,1.0,-0.30431379163350597,0.3362001640947323,12,Yes
p02,Deep_Sleep_Minutes,readiness,1.0,-0.05782167377330903,0.8583368932722852,12,Yes
p02,Deep_Sleep_Minutes,sleep_quality,1.0,0.3423530155876942,0.27602209801917854,12,Yes
p02,Deep_Sleep_Minutes,stress,1.0,-0.30431379163350597,0.3362001640947323,12,Yes
p02,Sleep_Restlessness,fatigue,1.0,,,18,Yes
p02,Sleep_Restlessness,mood,1.0,0.1742715111563257,0.4891807052025883,18,Yes
p02,Sleep_Restlessness,readiness,1.0,0.5145957819961765,0.028882784589506216,18,Yes
p02,Sleep_Restlessness,sleep_quality,1.0,,,18,Yes
p02,Sleep_Restlessness,stress,1.0,0.1742715111563257,0.4891807052025883,18,Yes
p02,Sleep_Composition,fatigue,1.0,,,12,Yes
p02,Sleep_Composition,mood,1.0,0.1136924335552221,0.7249763497457706,12,Yes
p02,Sleep_Composition,readiness,1.0,-0.2273848671104441,0.47724530651551583,12,Yes
p02,Sleep_Composition,sleep_quality,1.0,0.010335675777747489,0.9745681704391137,12,Yes
p02,Sleep_Composition,stress,1.0,0.1136924335552221,0.7249763497457706,12,Yes
p02,Sleep_Revitalization,fatigue,1.0,,,19,Yes
p02,Sleep_Revitalization,mood,1.0,-0.2380979873945355,0.3262967288946609,19,Yes
p02,Sleep_Revitalization,readiness,1.0,0.22069493514476551,0.3639068729010276,19,Yes
p02,Sleep_Revitalization,sleep_quality,1.0,0.36326018747471855,0.12634057556805703,19,Yes
p02,Sleep_Revitalization,stress,1.0,-0.4203010433591784,0.07317747501357082,19,Yes
p02,Sleep_Score,fatigue,1.0,,,10,Yes
p02,Sleep_Score,mood,1.0,-0.14704968617017475,0.6851947242085508,10,Yes
p02,Sleep_Score,readiness,1.0,0.06980123327593561,0.8480515689938741,10,Yes
p02,Sleep_Score,sleep_quality,1.0,0.0767215753931347,0.8331559416521748,10,Yes
p02,Sleep_Score,stress,1.0,-0.14704968617017475,0.6851947242085508,10,Yes
p03,Steps,fatigue,1.0,-0.37705676300545454,0.09200065332968324,21,Yes
p03,Steps,mood,1.0,-0.13001821122809054,0.5743014102194001,21,Yes
p03,Steps,readiness,1.0,,,21,Yes
p03,Steps,sleep_quality,1.0,,,21,Yes
p03,Steps,stress,1.0,0.17119957549991735,0.45808722607528857,21,Yes
p03,Exercise_Count,fatigue,1.0,-0.11665824165343955,0.5872285601794491,24,Yes
p03,Exercise_Count,mood,1.0,-0.02203441525376466,0.9186013955053185,24,Yes
p03,Exercise_Count,readiness,1.0,,,24,Yes
p03,Exercise_Count,sleep_quality,1.0,,,24,Yes
p03,Exercise_Count,stress,1.0,0.11294730854092493,0.5992533659883277,24,Yes
p03,Exercise_Duration,fatigue,1.0,-0.47201413582236557,0.02296321107095248,23,Yes
p03,Exercise_Duration,mood,1.0,-0.2600382898148205,0.2307987243906155,23,Yes
p03,Exercise_Duration,readiness,1.0,,,23,Yes
p03,Exercise_Duration,sleep_quality,1.0,,,23,Yes
p03,Exercise_Duration,stress,1.0,0.11641537692056969,0.5968207099917977,23,Yes
p03,Exercise_Calories,fatigue,1.0,-0.4718173250051278,0.02662996104583909,22,Yes
p03,Exercise_Calories,mood,1.0,-0.21645907988973934,0.333266309739066,22,Yes
p03,Exercise_Calories,readiness,1.0,,,22,Yes
p03,Exercise_Calories,sleep_quality,1.0,,,22,Yes
p03,Exercise_Calories,stress,1.0,0.07792105082155137,0.7303403204186227,22,Yes
p03,Sleep_Hours,fatigue,1.0,,,1,No
p03,Sleep_Hours,mood,1.0,,,1,No
p03,Sleep_Hours,readiness,1.0,,,1,No
p03,Sleep_Hours,sleep_quality,1.0,,,1,No
p03,Sleep_Hours,stress,1.0,,,1,No
p03,Sleep_Duration_Score,fatigue,1.0,,,2,No
p03,Sleep_Duration_Score,mood,1.0,,,2,No
p03,Sleep_Duration_Score,readiness,1.0,,,2,No
p03,Sleep_Duration_Score,sleep_quality,1.0,,,2,No
p03,Sleep_Duration_Score,stress,1.0,,,2,No
p03,Sleep_Restlessness,fatigue,1.0,0.2563740116696459,0.3563514644555145,15,Yes
p03,Sleep_Restlessness,mood,1.0,-0.48418931689669364,0.0674112560068911,15,Yes
p03,Sleep_Restlessness,readiness,1.0,,,15,Yes
p03,Sleep_Restlessness,sleep_quality,1.0,,,15,Yes
p03,Sleep_Restlessness,stress,1.0,-0.09672427513973239,0.7316602860627619,15,Yes
p03,Sleep_Composition,fatigue,1.0,,,1,No
p03,Sleep_Composition,mood,1.0,,,1,No
p03,Sleep_Composition,readiness,1.0,,,1,No
p03,Sleep_Composition,sleep_quality,1.0,,,1,No
p03,Sleep_Composition,stress,1.0,,,1,No
p03,Sleep_Revitalization,fatigue,1.0,,,11,Yes
p03,Sleep_Revitalization,mood,1.0,,,11,Yes
p03,Sleep_Revitalization,readiness,1.0,,,11,Yes
p03,Sleep_Revitalization,sleep_quality,1.0,,,11,Yes
p03,Sleep_Revitalization,stress,1.0,,,11,Yes
p03,Sleep_Score,fatigue,1.0,,,4,No
p03,Sleep_Score,mood,1.0,,,4,No
p03,Sleep_Score,readiness,1.0,,,4,No
p03,Sleep_Score,sleep_quality,1.0,,,4,No
p03,Sleep_Score,stress,1.0,,,4,No
p04,Steps,fatigue,1.0,0.09055885846244499,0.7041710229563027,20,Yes
p04,Steps,mood,1.0,0.6346352070413478,0.0026487724099592213,20,Yes
p04,Steps,readiness,1.0,0.24178185358341167,0.30442145170634133,20,Yes
p04,Steps,sleep_quality,1.0,0.3463138503893119,0.13471194343070614,20,Yes
p04,Steps,stress,1.0,0.3781359052276073,0.10019897283790469,20,Yes
p04,Exercise_Count,fatigue,1.0,0.019815128602137633,0.9172247202211673,30,Yes
p04,Exercise_Count,mood,1.0,0.1877468466972928,0.3204626601286886,30,Yes
p04,Exercise_Count,readiness,1.0,0.16738679540697776,0.3766317599386113,30,Yes
p04,Exercise_Count,sleep_quality,1.0,0.3577727017755502,0.052241901450587803,30,Yes
p04,Exercise_Count,stress,1.0,0.2848259605699057,0.12711814854715767,30,Yes
p04,Exercise_Duration,fatigue,1.0,0.1141644143044497,0.5269878704297082,33,Yes
p04,Exercise_Duration,mood,1.0,0.06590666244928135,0.715556963651316,33,Yes
p04,Exercise_Duration,readiness,1.0,0.21193047977134166,0.23640793314237515,33,Yes
p04,Exercise_Duration,sleep_quality,1.0,0.021251019621454564,0.9065559505883736,33,Yes
p04,Exercise_Duration,stress,1.0,0.19686357719899053,0.2721700457328853,33,Yes
p04,Exercise_Distance,fatigue,1.0,-0.019690860113078835,0.9381854837764381,18,Yes
p04,Exercise_Distance,mood,1.0,0.08122577428052015,0.7486639791744394,18,Yes
p04,Exercise_Distance,readiness,1.0,-0.26654772826073136,0.28499067175700954,18,Yes
p04,Exercise_Distance,sleep_quality,1.0,-0.36432642765611045,0.13717805095002228,18,Yes
p04,Exercise_Distance,stress,1.0,0.10967643255098034,0.6648527625792682,18,Yes
p04,Exercise_Calories,fatigue,1.0,0.06706370912271115,0.7153450156893023,32,Yes
p04,Exercise_Calories,mood,1.0,0.1323344926991928,0.470295644180974,32,Yes
p04,Exercise_Calories,readiness,1.0,0.20037893345685642,0.27149957481291975,32,Yes
p04,Exercise_Calories,sleep_quality,1.0,0.10134711918780068,0.5810026386382183,32,Yes
p04,Exercise_Calories,stress,1.0,0.25778557847252753,0.15431826546417748,32,Yes
p04,Exercise_Avg_HR,fatigue,1.0,0.18465062599678966,0.30361286390529424,33,Yes
p04,Exercise_Avg_HR,mood,1.0,0.24052554911209867,0.17755235834725963,33,Yes
p04,Exercise_Avg_HR,readiness,1.0,0.20305041840353902,0.25708188119269243,33,Yes
p04,Exercise_Avg_HR,sleep_quality,1.0,0.5091244039770282,0.0024789864097642085,33,Yes
p04,Exercise_Avg_HR,stress,1.0,0.30369799513049534,0.08576187891138054,33,Yes
p04,Sleep_Hours,fatigue,1.0,-0.006818257735510161,0.9841265288277101,11,Yes
p04,Sleep_Hours,mood,1.0,-0.061058783733543454,0.8584589558931093,11,Yes
p04,Sleep_Hours,readiness,1.0,0.09281563264772963,0.7860636392715581,11,Yes
p04,Sleep_Hours,sleep_quality,1.0,0.19933997939485248,0.5567781581810655,11,Yes
p04,Sleep_Hours,stress,1.0,0.2220563323895982,0.5116669312142164,11,Yes
p04,Sleep_Duration_Score,fatigue,1.0,0.20710649625797237,0.2810404373909613,29,Yes
p04,Sleep_Duration_Score,mood,1.0,0.09006325909814893,0.642205319504478,29,Yes
p04,Sleep_Duration_Score,readiness,1.0,0.26000381573631415,0.1731549524823445,29,Yes
p04,Sleep_Duration_Score,sleep_quality,1.0,0.4746836758936308,0.009272046861068986,29,Yes
p04,Sleep_Duration_Score,stress,1.0,0.2875143326590742,0.13044594077345814,29,Yes
p04,Deep_Sleep_Minutes,fatigue,1.0,-0.02876568689994215,0.912733154649839,17,Yes
p04,Deep_Sleep_Minutes,mood,1.0,0.19654546739583917,0.4496055680021402,17,Yes
p04,Deep_Sleep_Minutes,readiness,1.0,0.11522455537789163,0.6596706970070136,17,Yes
p04,Deep_Sleep_Minutes,sleep_quality,1.0,0.261470492981104,0.3107109903534564,17,Yes
p04,Deep_Sleep_Minutes,stress,1.0,0.4475011284492735,0.07167491933965223,17,Yes
p04,Sleep_Restlessness,fatigue,1.0,-0.3745141366047762,0.07137807540974665,24,Yes
p04,Sleep_Restlessness,mood,1.0,-0.2984365345654699,0.15662742335144306,24,Yes
p04,Sleep_Restlessness,readiness,1.0,-0.2022617158459076,0.3432182139382565,24,Yes
p04,Sleep_Restlessness,sleep_quality,1.0,-0.3595093903290502,0.08444866304903326,24,Yes
p04,Sleep_Restlessness,stress,1.0,-0.19025210185589322,0.3732201275078659,24,Yes
p04,Sleep_Composition,fatigue,1.0,0.09525541240786832,0.6895424725384031,20,Yes
p04,Sleep_Composition,mood,1.0,0.24263321086440898,0.3026691257103464,20,Yes
p04,Sleep_Composition,readiness,1.0,0.13563608827296475,0.5685616186423608,20,Yes
p04,Sleep_Composition,sleep_quality,1.0,0.4932051466321837,0.02712423406713963,20,Yes
p04,Sleep_Composition,stress,1.0,0.2781269369364648,0.23509395424548735,20,Yes
p04,Sleep_Revitalization,fatigue,1.0,0.3853075744096261,0.06942217953175338,23,Yes
p04,Sleep_Revitalization,mood,1.0,0.41255839054934706,0.05042139209072836,23,Yes
p04,Sleep_Revitalization,readiness,1.0,0.31804575952354786,0.13915349271186572,23,Yes
p04,Sleep_Revitalization,sleep_quality,1.0,0.27289234904456167,0.20772739423348638,23,Yes
p04,Sleep_Revitalization,stress,1.0,0.3545815974852783,0.09688849354764573,23,Yes
p04,Sleep_Score,fatigue,1.0,0.40421462876941366,0.017741194981167996,34,Yes
p04,Sleep_Score,mood,1.0,0.25376531295891364,0.14756818501037,34,Yes
p04,Sleep_Score,readiness,1.0,0.24654486591904523,0.1598353193507686,34,Yes
p04,Sleep_Score,sleep_quality,1.0,0.39196912052565236,0.021866930500544782,34,Yes
p04,Sleep_Score,stress,1.0,0.26117828663951204,0.13570189951556383,34,Yes
p05,Steps,fatigue,1.0,0.4430841953298396,0.05743816772121996,19,Yes
p05,Steps,mood,1.0,-0.16488415912751364,0.4999547255072158,19,Yes
p05,Steps,readiness,1.0,0.2762430228268974,0.2522832578174457,19,Yes
p05,Steps,sleep_quality,1.0,0.25242562011516867,0.29713095783864746,19,Yes
p05,Steps,stress,1.0,-0.12359964306700205,0.6141750312531792,19,Yes
p05,Exercise_Count,fatigue,1.0,0.08111071056538127,0.6381655658243883,36,Yes
p05,Exercise_Count,mood,1.0,0.04564354645876381,0.7915226175552564,36,Yes
p05,Exercise_Count,readiness,1.0,0.11733081361598305,0.49555529912740715,36,Yes
p05,Exercise_Count,sleep_quality,1.0,-0.09386465089278637,0.5860859965821262,36,Yes
p05,Exercise_Count,stress,1.0,0.11067971810589329,0.5204701489109494,36,Yes
p05,Exercise_Duration,fatigue,1.0,,,8,No
p05,Exercise_Duration,mood,1.0,,,8,No
p05,Exercise_Duration,readiness,1.0,,,8,No
p05,Exercise_Duration,sleep_quality,1.0,,,8,No
p05,Exercise_Duration,stress,1.0,,,8,No
p05,Exercise_Distance,fatigue,1.0,,,1,No
p05,Exercise_Distance,mood,1.0,,,1,No
p05,Exercise_Distance,readiness,1.0,,,1,No
p05,Exercise_Distance,sleep_quality,1.0,,,1,No
p05,Exercise_Distance,stress,1.0,,,1,No
p05,Exercise_Calories,fatigue,1.0,,,8,No
p05,Exercise_Calories,mood,1.0,,,8,No
p05,Exercise_Calories,readiness,1.0,,,8,No
p05,Exercise_Calories,sleep_quality,1.0,,,8,No
p05,Exercise_Calories,stress,1.0,,,8,No
p05,Exercise_Avg_HR,fatigue,1.0,,,7,No
p05,Exercise_Avg_HR,mood,1.0,,,7,No
p05,Exercise_Avg_HR,readiness,1.0,,,7,No
p05,Exercise_Avg_HR,sleep_quality,1.0,,,7,No
p05,Exercise_Avg_HR,stress,1.0,,,7,No
p05,Sleep_Hours,fatigue,1.0,,,7,No
p05,Sleep_Hours,mood,1.0,,,7,No
p05,Sleep_Hours,readiness,1.0,,,7,No
p05,Sleep_Hours,sleep_quality,1.0,,,7,No
p05,Sleep_Hours,stress,1.0,,,7,No
p05,Sleep_Duration_Score,fatigue,1.0,,,21,Yes
p05,Sleep_Duration_Score,mood,1.0,0.14348601079588783,0.5349308013053798,21,Yes
p05,Sleep_Duration_Score,readiness,1.0,-0.2619684159977919,0.2513175954065525,21,Yes
p05,Sleep_Duration_Score,sleep_quality,1.0,-0.2511005188928037,0.27223233184698625,21,Yes
p05,Sleep_Duration_Score,stress,1.0,-0.03648473520031251,0.8752386278786901,21,Yes
p05,Deep_Sleep_Minutes,fatigue,1.0,0.11704166910827585,0.7033576765694743,13,Yes
p05,Deep_Sleep_Minutes,mood,1.0,0.758637277110674,0.0026443697425779563,13,Yes
p05,Deep_Sleep_Minutes,readiness,1.0,-0.43768707510282345,0.13471295629038763,13,Yes
p05,Deep_Sleep_Minutes,sleep_quality,1.0,0.023228575963335295,0.9399586172472707,13,Yes
p05,Deep_Sleep_Minutes,stress,1.0,0.1725145435293859,0.5730332830296023,13,Yes
p05,Sleep_Restlessness,fatigue,1.0,0.28939820787813136,0.2598889691615729,17,Yes
p05,Sleep_Restlessness,mood,1.0,0.06298312644039655,0.8102190187407197,17,Yes
p05,Sleep_Restlessness,readiness,1.0,0.026084466828942658,0.9208420100406775,17,Yes
p05,Sleep_Restlessness,sleep_quality,1.0,0.2589752715799744,0.31551855586016664,17,Yes
p05,Sleep_Restlessness,stress,1.0,0.18211375589967146,0.4841989568225213,17,Yes
p05,Sleep_Composition,fatigue,1.0,,,11,Yes
p05,Sleep_Composition,mood,1.0,0.5532940079733912,0.07746027553689933,11,Yes
p05,Sleep_Composition,readiness,1.0,-0.5277777777777777,0.09518969115227865,11,Yes
p05,Sleep_Composition,sleep_quality,1.0,,,11,Yes
p05,Sleep_Composition,stress,1.0,0.0069444444444444545,0.9838327884288537,11,Yes
p05,Sleep_Revitalization,fatigue,1.0,-0.1806792312912625,0.45916590895621595,19,Yes
p05,Sleep_Revitalization,mood,1.0,0.01443683930414446,0.9532235379836848,19,Yes
p05,Sleep_Revitalization,readiness,1.0,-0.12249439409577115,0.6173706003884831,19,Yes
p05,Sleep_Revitalization,sleep_quality,1.0,-0.08251340951865874,0.7370039923546507,19,Yes
p05,Sleep_Revitalization,stress,1.0,-0.29105623728415697,0.2266838666467813,19,Yes
p05,Sleep_Score,fatigue,1.0,,,26,Yes
p05,Sleep_Score,mood,1.0,0.08726684033420733,0.6716378329626886,26,Yes
p05,Sleep_Score,readiness,1.0,-0.2570518784864982,0.2049119856463462,26,Yes
p05,Sleep_Score,sleep_quality,1.0,-0.10178920235748826,0.6207502522812791,26,Yes
p05,Sleep_Score,stress,1.0,-0.17405035443817815,0.39512680708661524,26,Yes
p06,Steps,fatigue,1.0,-0.07191588488571159,0.7631864845751113,20,Yes
p06,Steps,mood,1.0,0.3539603577221483,0.12574538038226113,20,Yes
p06,Steps,readiness,1.0,0.5445119144009221,0.013052331735781866,20,Yes
p06,Steps,sleep_quality,1.0,0.007683457033253752,0.9743530433565706,20,Yes
p06,Steps,stress,1.0,0.05089117494555741,0.831268351071526,20,Yes
p06,Exercise_Count,fatigue,1.0,0.0727272727272728,0.6827236773369225,34,Yes
p06,Exercise_Count,mood,1.0,,,34,Yes
p06,Exercise_Count,readiness,1.0,0.05458181126076704,0.7591569217266737,34,Yes
p06,Exercise_Count,sleep_quality,1.0,-0.022770881221598177,0.8982867409154135,34,Yes
p06,Exercise_Count,stress,1.0,0.1325216339737568,0.45498594675584414,34,Yes
p06,Exercise_Duration,fatigue,1.0,0.1375760139200126,0.5985068791485871,17,Yes
p06,Exercise_Duration,mood,1.0,,,17,Yes
p06,Exercise_Duration,readiness,1.0,-0.2262970308112127,0.38245209595724083,17,Yes
p06,Exercise_Duration,sleep_quality,1.0,0.057598955882607675,0.8261993216370405,17,Yes
p06,Exercise_Duration,stress,1.0,0.03845627177846837,0.8834990303380852,17,Yes
p06,Exercise_Distance,fatigue,1.0,,,9,No
p06,Exercise_Distance,mood,1.0,,,9,No
p06,Exercise_Distance,readiness,1.0,,,9,No
p06,Exercise_Distance,sleep_quality,1.0,,,9,No
p06,Exercise_Distance,stress,1.0,,,9,No
p06,Exercise_Calories,fatigue,1.0,0.2979707075613922,0.300806941090717,14,Yes
p06,Exercise_Calories,mood,1.0,,,14,Yes
p06,Exercise_Calories,readiness,1.0,-0.15953821670318707,0.5858960276266106,14,Yes
p06,Exercise_Calories,sleep_quality,1.0,-0.21823989033305882,0.4535238743361991,14,Yes
p06,Exercise_Calories,stress,1.0,0.32649800283454916,0.25456978616009746,14,Yes
p06,Exercise_Avg_HR,fatigue,1.0,0.2099252032757145,0.45269415851346506,15,Yes
p06,Exercise_Avg_HR,mood,1.0,,,15,Yes
p06,Exercise_Avg_HR,readiness,1.0,0.14867147946156767,0.5969420029482307,15,Yes
p06,Exercise_Avg_HR,sleep_quality,1.0,-0.012236501802681182,0.965477187590641,15,Yes
p06,Exercise_Avg_HR,stress,1.0,-0.4593485284221208,0.08497560550452647,15,Yes
p06,Sleep_Hours,fatigue,1.0,,,4,No
p06,Sleep_Hours,mood,1.0,,,4,No
p06,Sleep_Hours,readiness,1.0,,,4,No
p06,Sleep_Hours,sleep_quality,1.0,,,4,No
p06,Sleep_Hours,stress,1.0,,,4,No
p06,Sleep_Duration_Score,fatigue,1.0,0.07790893871316198,0.7440600711649084,20,Yes
p06,Sleep_Duration_Score,mood,1.0,-0.18767213167454513,0.42816716421527323,20,Yes
p06,Sleep_Duration_Score,readiness,1.0,0.36921220593259163,0.10914436394436028,20,Yes
p06,Sleep_Duration_Score,sleep_quality,1.0,0.19879093386937885,0.4007906817407806,20,Yes
p06,Sleep_Duration_Score,stress,1.0,0.23881936013799251,0.31056691229941047,20,Yes
p06,Deep_Sleep_Minutes,fatigue,1.0,,,8,No
p06,Deep_Sleep_Minutes,mood,1.0,,,8,No
p06,Deep_Sleep_Minutes,readiness,1.0,,,8,No
p06,Deep_Sleep_Minutes,sleep_quality,1.0,,,8,No
p06,Deep_Sleep_Minutes,stress,1.0,,,8,No
p06,Sleep_Restlessness,fatigue,1.0,-0.38489888409034334,0.12711418403305003,17,Yes
p06,Sleep_Restlessness,mood,1.0,-0.5755793481855547,0.015620687647964785,17,Yes
p06,Sleep_Restlessness,readiness,1.0,-0.0967039787064686,0.7119656406949163,17,Yes
p06,Sleep_Restlessness,sleep_quality,1.0,-0.4413896222548367,0.07611817211920477,17,Yes
p06,Sleep_Restlessness,stress,1.0,0.4952236552050314,0.04325307367221495,17,Yes
p06,Sleep_Composition,fatigue,1.0,-0.06965950063642873,0.821102848137411,13,Yes
p06,Sleep_Composition,mood,1.0,-0.3102526139970116,0.30223020837537456,13,Yes
p06,Sleep_Composition,readiness,1.0,-0.14588199690253464,0.6343990601763753,13,Yes
p06,Sleep_Composition,sleep_quality,1.0,0.0031824547364272954,0.9917674348456721,13,Yes
p06,Sleep_Composition,stress,1.0,-0.13216960960863827,0.6668870122320053,13,Yes
p06,Sleep_Revitalization,fatigue,1.0,0.11396057645963793,0.5959597152912754,24,Yes
p06,Sleep_Revitalization,mood,1.0,0.11002155735583803,0.6088063082453985,24,Yes
p06,Sleep_Revitalization,readiness,1.0,0.07351636769652364,0.7328091008918847,24,Yes
p06,Sleep_Revitalization,sleep_quality,1.0,0.2650056669351549,0.21076189740581458,24,Yes
p06,Sleep_Revitalization,stress,1.0,-0.018105170609447538,0.9330815027186339,24,Yes
p06,Sleep_Score,fatigue,1.0,0.5351406882885283,0.026858234545719745,17,Yes
p06,Sleep_Score,mood,1.0,,,17,Yes
p06,Sleep_Score,readiness,1.0,0.40631855570454256,0.10557492080845177,17,Yes
p06,Sleep_Score,sleep_quality,1.0,0.5473543524171528,0.02295696841874402,17,Yes
p06,Sleep_Score,stress,1.0,0.5273209527017643,0.02961252413621062,17,Yes
p07,Steps,fatigue,1.0,,,10,Yes
p07,Steps,mood,1.0,0.6264353659724026,0.05263452865438019,10,Yes
p07,Steps,readiness,1.0,0.2618927313398217,0.4648123229259925,10,Yes
p07,Steps,sleep_quality,1.0,0.3285471187295388,0.3539863116035993,10,Yes
p07,Steps,stress,1.0,0.19244601539028353,0.5942719745482636,10,Yes
p07,Exercise_Count,fatigue,1.0,,,12,Yes
p07,Exercise_Count,mood,1.0,0.47987382139699125,0.1143779627570938,12,Yes
p07,Exercise_Count,readiness,1.0,0.6280305014543258,0.028760744052954926,12,Yes
p07,Exercise_Count,sleep_quality,1.0,-0.11291148738752733,0.7268014069779543,12,Yes
p07,Exercise_Count,stress,1.0,-0.23830608467383307,0.45574098961959497,12,Yes
p07,Exercise_Duration,fatigue,1.0,-0.6371320610118816,0.005945074034222965,17,Yes
p07,Exercise_Duration,mood,1.0,0.4230968352874255,0.09061739112601262,17,Yes
p07,Exercise_Duration,readiness,1.0,0.5823943646820818,0.014162959576694965,17,Yes
p07,Exercise_Duration,sleep_quality,1.0,0.21655674169052228,0.4038021598043073,17,Yes
p07,Exercise_Duration,stress,1.0,0.29887070878598454,0.24390158575025037,17,Yes
p07,Exercise_Distance,fatigue,1.0,0.27103283723896987,0.12709719254066923,33,Yes
p07,Exercise_Distance,mood,1.0,0.007256877870102676,0.9680288380053642,33,Yes
p07,Exercise_Distance,readiness,1.0,0.3533499034049985,0.04367762690614189,33,Yes
p07,Exercise_Distance,sleep_quality,1.0,0.17097028114654023,0.3414476089552546,33,Yes
p07,Exercise_Distance,stress,1.0,0.20655531994591586,0.24878408522887668,33,Yes
p07,Exercise_Calories,fatigue,1.0,-0.37209272885272376,0.1720226465622791,15,Yes
p07,Exercise_Calories,mood,1.0,0.2284303042163132,0.41286270830358984,15,Yes
p07,Exercise_Calories,readiness,1.0,0.5696436903358685,0.026640678281171615,15,Yes
p07,Exercise_Calories,sleep_quality,1.0,0.21954146518668738,0.43176252628309136,15,Yes
p07,Exercise_Calories,stress,1.0,0.1743257418923902,0.5343528325931075,15,Yes
p07,Exercise_Avg_HR,fatigue,1.0,0.2726585781692546,0.13780979264647192,31,Yes
p07,Exercise_Avg_HR,mood,1.0,-0.1377283530967614,0.4599929374592217,31,Yes
p07,Exercise_Avg_HR,readiness,1.0,0.23221504998680564,0.20873355146803807,31,Yes
p07,Exercise_Avg_HR,sleep_quality,1.0,0.009430317100644835,0.959844188847296,31,Yes
p07,Exercise_Avg_HR,stress,1.0,0.08352094144593995,0.6550938625167466,31,Yes
p07,Sleep_Hours,fatigue,1.0,-0.5513705464242044,0.07871312245524921,11,Yes
p07,Sleep_Hours,mood,1.0,0.215036516591253,0.5254374807411789,11,Yes
p07,Sleep_Hours,readiness,1.0,-0.24407126939593907,0.46951669901456383,11,Yes
p07,Sleep_Hours,sleep_quality,1.0,0.5549549407721112,0.07638919348512527,11,Yes
p07,Sleep_Hours,stress,1.0,0.7698286689248798,0.005585120633886358,11,Yes
p07,Sleep_Duration_Score,fatigue,1.0,0.08568449885133504,0.7614148469399862,15,Yes
p07,Sleep_Duration_Score,mood,1.0,0.16647636389938525,0.5531897589460555,15,Yes
p07,Sleep_Duration_Score,readiness,1.0,0.17854137367880799,0.5243553321936771,15,Yes
p07,Sleep_Duration_Score,sleep_quality,1.0,0.792223995129472,0.0004298269436524163,15,Yes
p07,Sleep_Duration_Score,stress,1.0,0.42857508157834173,0.11095683777043222,15,Yes
p07,Deep_Sleep_Minutes,fatigue,1.0,-0.4367245793877094,0.061546919797596605,19,Yes
p07,Deep_Sleep_Minutes,mood,1.0,0.2276155198599383,0.3486661700745737,19,Yes
p07,Deep_Sleep_Minutes,readiness,1.0,-0.21861699332788057,0.36855566810207574,19,Yes
p07,Deep_Sleep_Minutes,sleep_quality,1.0,0.7144134865856169,0.0005892067493657178,19,Yes
p07,Deep_Sleep_Minutes,stress,1.0,0.5347169965847581,0.018335040497996186,19,Yes
p07,Sleep_Restlessness,fatigue,1.0,0.11461110454195428,0.7525556104891724,10,Yes
p07,Sleep_Restlessness,mood,1.0,0.5665040095957034,0.08774553888671141,10,Yes
p07,Sleep_Restlessness,readiness,1.0,0.08324785363554218,0.8191521039722796,10,Yes
p07,Sleep_Restlessness,sleep_quality,1.0,0.08162377352024391,0.8226328397054612,10,Yes
p07,Sleep_Restlessness,stress,1.0,0.49943205843384164,0.14163800243228886,10,Yes
p07,Sleep_Composition,fatigue,1.0,-0.14862969862416578,0.4248849225808035,31,Yes
p07,Sleep_Composition,mood,1.0,0.08570626471814721,0.6466452981846738,31,Yes
p07,Sleep_Composition,readiness,1.0,0.11141767642454908,0.5506960498166156,31,Yes
p07,Sleep_Composition,sleep_quality,1.0,0.5297015349798526,0.0021800171008863065,31,Yes
p07,Sleep_Composition,stress,1.0,0.42586039990921776,0.01691086416904307,31,Yes
p07,Sleep_Revitalization,fatigue,1.0,,,7,No
p07,Sleep_Revitalization,mood,1.0,,,7,No
p07,Sleep_Revitalization,readiness,1.0,,,7,No
p07,Sleep_Revitalization,sleep_quality,1.0,,,7,No
p07,Sleep_Revitalization,stress,1.0,,,7,No
p07,Sleep_Score,fatigue,1.0,-0.12291425331939639,0.7035266577348867,12,Yes
p07,Sleep_Score,mood,1.0,-6.245004513516506e-17,1.0,12,Yes
p07,Sleep_Score,readiness,1.0,0.22706795921992157,0.47787617884643524,12,Yes
p07,Sleep_Score,sleep_quality,1.0,0.6449282647524484,0.02354996709768226,12,Yes
p07,Sleep_Score,stress,1.0,0.46183134689519695,0.13067178308975724,12,Yes
p08,Steps,fatigue,1.0,0.7023678265270478,0.0035043385929027612,15,Yes
p08,Steps,mood,1.0,0.20620739197976556,0.4609192645661428,15,Yes
p08,Steps,readiness,1.0,0.786748069619018,0.0005018209652086988,15,Yes
p08,Steps,sleep_quality,1.0,0.3995051627357149,0.14013108547176664,15,Yes
p08,Steps,stress,1.0,0.6647692440075053,0.0068553218028562435,15,Yes
p08,Exercise_Count,fatigue,1.0,0.7237319074542987,0.005163393599447044,13,Yes
p08,Exercise_Count,mood,1.0,0.4654395717339489,0.10897715946840561,13,Yes
p08,Exercise_Count,readiness,1.0,0.8335591644433529,0.00039972266943849935,13,Yes
p08,Exercise_Count,sleep_quality,1.0,0.5003849115273672,0.08159170103222814,13,Yes
p08,Exercise_Count,stress,1.0,0.7236330588312583,0.005172474852346016,13,Yes
p08,Exercise_Duration,fatigue,1.0,0.7618404791985653,0.0015420867761077547,14,Yes
p08,Exercise_Duration,mood,1.0,0.31888518388097564,0.2664620146952693,14,Yes
p08,Exercise_Duration,readiness,1.0,0.7217365424188981,0.003565961753332598,14,Yes
p08,Exercise_Duration,sleep_quality,1.0,0.41756064523345915,0.1373934369438664,14,Yes
p08,Exercise_Duration,stress,1.0,0.5334176038083052,0.04948815038015433,14,Yes
p08,Exercise_Distance,fatigue,1.0,0.4487385240797517,0.021481013495240966,26,Yes
p08,Exercise_Distance,mood,1.0,0.1588931480261959,0.43816379259666266,26,Yes
p08,Exercise_Distance,readiness,1.0,0.5890313481431979,0.0015455741698388583,26,Yes
p08,Exercise_Distance,sleep_quality,1.0,0.27405612440421606,0.17548196586313586,26,Yes
p08,Exercise_Distance,stress,1.0,0.4825201859409886,0.01254053049525036,26,Yes
p08,Exercise_Calories,fatigue,1.0,0.7573566216546634,0.002715163091921188,13,Yes
p08,Exercise_Calories,mood,1.0,0.28395814031367406,0.3471046318708225,13,Yes
p08,Exercise_Calories,readiness,1.0,0.7812490341631675,0.0016138310436550228,13,Yes
p08,Exercise_Calories,sleep_quality,1.0,0.3671903001383384,0.2171242752523267,13,Yes
p08,Exercise_Calories,stress,1.0,0.49467267672734705,0.08570114832913518,13,Yes
p08,Exercise_Avg_HR,fatigue,1.0,,,4,No
p08,Exercise_Avg_HR,mood,1.0,,,4,No
p08,Exercise_Avg_HR,readiness,1.0,,,4,No
p08,Exercise_Avg_HR,sleep_quality,1.0,,,4,No
p08,Exercise_Avg_HR,stress,1.0,,,4,No
p08,Sleep_Hours,fatigue,1.0,0.3574004476791766,0.2096461265575235,14,Yes
p08,Sleep_Hours,mood,1.0,0.4351119099515188,0.11996529097604797,14,Yes
p08,Sleep_Hours,readiness,1.0,0.23931351686044902,0.409927460984372,14,Yes
p08,Sleep_Hours,sleep_quality,1.0,0.37778617159650196,0.18294016354887305,14,Yes
p08,Sleep_Hours,stress,1.0,0.3255869222917668,0.25597583324136164,14,Yes
p08,Sleep_Duration_Score,fatigue,1.0,0.36165122540860145,0.2038863216613696,14,Yes
p08,Sleep_Duration_Score,mood,1.0,0.6867367108526867,0.006670100259907235,14,Yes
p08,Sleep_Duration_Score,readiness,1.0,0.33743182428091006,0.23806061341240645,14,Yes
p08,Sleep_Duration_Score,sleep_quality,1.0,0.3263617645378591,0.2547797420284098,14,Yes
p08,Sleep_Duration_Score,stress,1.0,0.12173675399145092,0.6784512487449492,14,Yes
p08,Deep_Sleep_Minutes,fatigue,1.0,0.45627596303222506,0.049579012081146526,19,Yes
p08,Deep_Sleep_Minutes,mood,1.0,0.5515205124641177,0.014370580653782463,19,Yes
p08,Deep_Sleep_Minutes,readiness,1.0,0.4668169276387719,0.04391055452037958,19,Yes
p08,Deep_Sleep_Minutes,sleep_quality,1.0,0.685929711659131,0.0011856440346940116,19,Yes
p08,Deep_Sleep_Minutes,stress,1.0,0.4049454152650223,0.08545896353504191,19,Yes
p08,Sleep_Restlessness,fatigue,1.0,-0.8339720924967028,0.0014179541659294843,11,Yes
p08,Sleep_Restlessness,mood,1.0,-0.750928201757156,0.007733365187867349,11,Yes
p08,Sleep_Restlessness,readiness,1.0,-0.8901276965745392,0.0002407969919378482,11,Yes
p08,Sleep_Restlessness,sleep_quality,1.0,-0.7683241703794845,0.005737761304660317,11,Yes
p08,Sleep_Restlessness,stress,1.0,-0.5844554134823576,0.05898617587082852,11,Yes
p08,Sleep_Composition,fatigue,1.0,0.02924750890528519,0.89985203438072,21,Yes
p08,Sleep_Composition,mood,1.0,0.4103101636320345,0.06468037190869182,21,Yes
p08,Sleep_Composition,readiness,1.0,-0.05238335812219749,0.8215857090864747,21,Yes
p08,Sleep_Composition,sleep_quality,1.0,0.5155809543766244,0.016747300503139214,21,Yes
p08,Sleep_Composition,stress,1.0,0.008853198280987767,0.9696185258810195,21,Yes
p08,Sleep_Revitalization,fatigue,1.0,0.8410941212183135,0.0003145893203984252,13,Yes
p08,Sleep_Revitalization,mood,1.0,0.4332808467816631,0.1391376667969805,13,Yes
p08,Sleep_Revitalization,readiness,1.0,0.6645187170050748,0.013224957462335027,13,Yes
p08,Sleep_Revitalization,sleep_quality,1.0,0.814544757118965,0.0006970852623050084,13,Yes
p08,Sleep_Revitalization,stress,1.0,0.6101300604718659,0.02680138569207522,13,Yes
p08,Sleep_Score,fatigue,1.0,0.4640275098686192,0.12861217473468092,12,Yes
p08,Sleep_Score,mood,1.0,0.6349173677669351,0.026545866822226233,12,Yes
p08,Sleep_Score,readiness,1.0,0.5039114025011545,0.09484066106773464,12,Yes
p08,Sleep_Score,sleep_quality,1.0,0.7937363869742778,0.0020555237095532136,12,Yes
p08,Sleep_Score,stress,1.0,0.3796401766448786,0.22353200087760372,12,Yes
p09,Steps,fatigue,1.0,-0.7390631599504672,0.0010714793857199017,16,Yes
p09,Steps,mood,1.0,0.3908308661073857,0.1344458212559036,16,Yes
p09,Steps,readiness,1.0,-0.42558497353746044,0.1002800446174395,16,Yes
p09,Steps,sleep_quality,1.0,-0.24141681900851197,0.3677148152504405,16,Yes
p09,Steps,stress,1.0,0.5145179284427712,0.04143283257497448,16,Yes
p09,Exercise_Count,fatigue,1.0,,,6,No
p09,Exercise_Count,mood,1.0,,,6,No
p09,Exercise_Count,readiness,1.0,,,6,No
p09,Exercise_Count,sleep_quality,1.0,,,6,No
p09,Exercise_Count,stress,1.0,,,6,No
p09,Exercise_Duration,fatigue,1.0,,,9,No
p09,Exercise_Duration,mood,1.0,,,9,No
p09,Exercise_Duration,readiness,1.0,,,9,No
p09,Exercise_Duration,sleep_quality,1.0,,,9,No
p09,Exercise_Duration,stress,1.0,,,9,No
p09,Exercise_Calories,fatigue,1.0,,,9,No
p09,Exercise_Calories,mood,1.0,,,9,No
p09,Exercise_Calories,readiness,1.0,,,9,No
p09,Exercise_Calories,sleep_quality,1.0,,,9,No
p09,Exercise_Calories,stress,1.0,,,9,No
p09,Sleep_Hours,fatigue,1.0,0.6370150178179411,0.025896483576306004,12,Yes
p09,Sleep_Hours,mood,1.0,0.18990750394535677,0.5544057370240276,12,Yes
p09,Sleep_Hours,readiness,1.0,0.32190824408017227,0.3075444628569664,12,Yes
p09,Sleep_Hours,sleep_quality,1.0,0.6157528360504605,0.03303507143552558,12,Yes
p09,Sleep_Hours,stress,1.0,-0.021515108756320036,0.9470853275238262,12,Yes
p09,Sleep_Duration_Score,fatigue,1.0,0.7625461476843136,0.0002336424310364109,18,Yes
p09,Sleep_Duration_Score,mood,1.0,0.3971281792297213,0.1027134014087573,18,Yes
p09,Sleep_Duration_Score,readiness,1.0,0.24307346335737032,0.33109053444189074,18,Yes
p09,Sleep_Duration_Score,sleep_quality,1.0,0.5271153476964936,0.024588629838530027,18,Yes
p09,Sleep_Duration_Score,stress,1.0,0.18829009651954398,0.4543221693887422,18,Yes
p09,Deep_Sleep_Minutes,fatigue,1.0,,,6,No
p09,Deep_Sleep_Minutes,mood,1.0,,,6,No
p09,Deep_Sleep_Minutes,readiness,1.0,,,6,No
p09,Deep_Sleep_Minutes,sleep_quality,1.0,,,6,No
p09,Deep_Sleep_Minutes,stress,1.0,,,6,No
p09,Sleep_Restlessness,fatigue,1.0,0.22308914511217037,0.4432963744823163,14,Yes
p09,Sleep_Restlessness,mood,1.0,-0.2741742352170759,0.34283813026553994,14,Yes
p09,Sleep_Restlessness,readiness,1.0,0.1336864279144959,0.6486580406523281,14,Yes
p09,Sleep_Restlessness,sleep_quality,1.0,-0.17168928800520658,0.5572743183301092,14,Yes
p09,Sleep_Restlessness,stress,1.0,-0.21166229316297525,0.4675789459442766,14,Yes
p09,Sleep_Composition,fatigue,1.0,,,8,No
p09,Sleep_Composition,mood,1.0,,,8,No
p09,Sleep_Composition,readiness,1.0,,,8,No
p09,Sleep_Composition,sleep_quality,1.0,,,8,No
p09,Sleep_Composition,stress,1.0,,,8,No
p09,Sleep_Revitalization,fatigue,1.0,,,6,No
p09,Sleep_Revitalization,mood,1.0,,,6,No
p09,Sleep_Revitalization,readiness,1.0,,,6,No
p09,Sleep_Revitalization,sleep_quality,1.0,,,6,No
p09,Sleep_Revitalization,stress,1.0,,,6,No
p09,Sleep_Score,fatigue,1.0,0.7607177049541738,0.00024686982211115214,18,Yes
p09,Sleep_Score,mood,1.0,0.4068591596580443,0.09380959722732371,18,Yes
p09,Sleep_Score,readiness,1.0,0.28119627837958805,0.25832303829745834,18,Yes
p09,Sleep_Score,sleep_quality,1.0,0.4865697610483175,0.04059511112446246,18,Yes
p09,Sleep_Score,stress,1.0,0.20753122713230737,0.4086207655170597,18,Yes
p10,Steps,fatigue,1.0,-0.1908747145095679,0.5322007764991747,13,Yes
p10,Steps,mood,1.0,-0.42399241266813126,0.14877564059956805,13,Yes
p10,Steps,readiness,1.0,-0.016442844733996653,0.9574812605497656,13,Yes
p10,Steps,sleep_quality,1.0,-0.014092513812209759,0.9635549424758627,13,Yes
p10,Steps,stress,1.0,0.004879775829760569,0.987376961749093,13,Yes
p10,Exercise_Count,fatigue,1.0,-0.28216632399155017,0.27252152810546737,17,Yes
p10,Exercise_Count,mood,1.0,-0.3744371977301125,0.13867456299445732,17,Yes
p10,Exercise_Count,readiness,1.0,-0.06526126436047879,0.803478383184697,17,Yes
p10,Exercise_Count,sleep_quality,1.0,0.19649098720322064,0.4497337453197301,17,Yes
p10,Exercise_Count,stress,1.0,-0.10228529244693693,0.6960655772983211,17,Yes
p10,Exercise_Duration,fatigue,1.0,0.18347524624745576,0.568140836641779,12,Yes
p10,Exercise_Duration,mood,1.0,-0.03196701135271961,0.9214382722835199,12,Yes
p10,Exercise_Duration,readiness,1.0,-0.016427455824387684,0.9595876006228254,12,Yes
p10,Exercise_Duration,sleep_quality,1.0,-0.11883039861856748,0.7130021335241756,12,Yes
p10,Exercise_Duration,stress,1.0,0.01759468867495797,0.9567184383097529,12,Yes
p10,Exercise_Distance,fatigue,1.0,,,7,No
p10,Exercise_Distance,mood,1.0,,,7,No
p10,Exercise_Distance,readiness,1.0,,,7,No
p10,Exercise_Distance,sleep_quality,1.0,,,7,No
p10,Exercise_Distance,stress,1.0,,,7,No
p10,Exercise_Calories,fatigue,1.0,-0.12515933744250385,0.6698710231506245,14,Yes
p10,Exercise_Calories,mood,1.0,-0.1136536513661826,0.6988578584214433,14,Yes
p10,Exercise_Calories,readiness,1.0,-0.3258756481304764,0.2555297442635529,14,Yes
p10,Exercise_Calories,sleep_quality,1.0,-0.11951956868774721,0.6840290738457225,14,Yes
p10,Exercise_Calories,stress,1.0,-0.14656700998124061,0.6170832172031817,14,Yes
p10,Exercise_Avg_HR,fatigue,1.0,,,5,No
p10,Exercise_Avg_HR,mood,1.0,,,5,No
p10,Exercise_Avg_HR,readiness,1.0,,,5,No
p10,Exercise_Avg_HR,sleep_quality,1.0,,,5,No
p10,Exercise_Avg_HR,stress,1.0,,,5,No
p10,Sleep_Hours,fatigue,1.0,,,5,No
p10,Sleep_Hours,mood,1.0,,,5,No
p10,Sleep_Hours,readiness,1.0,,,5,No
p10,Sleep_Hours,sleep_quality,1.0,,,5,No
p10,Sleep_Hours,stress,1.0,,,5,No
p10,Sleep_Duration_Score,fatigue,1.0,0.708683386892301,0.0009939221227885445,18,Yes
p10,Sleep_Duration_Score,mood,1.0,-0.036490022459988086,0.8857004381878029,18,Yes
p10,Sleep_Duration_Score,readiness,1.0,0.6590352123881641,0.002932514933002398,18,Yes
p10,Sleep_Duration_Score,sleep_quality,1.0,0.7039685165935681,0.0011114942366115426,18,Yes
p10,Sleep_Duration_Score,stress,1.0,0.45771710749659494,0.05613073750810341,18,Yes
p10,Deep_Sleep_Minutes,fatigue,1.0,,,7,No
p10,Deep_Sleep_Minutes,mood,1.0,,,7,No
p10,Deep_Sleep_Minutes,readiness,1.0,,,7,No
p10,Deep_Sleep_Minutes,sleep_quality,1.0,,,7,No
p10,Deep_Sleep_Minutes,stress,1.0,,,7,No
p10,Sleep_Restlessness,fatigue,1.0,-0.004005881486740907,0.9896374370508282,13,Yes
p10,Sleep_Restlessness,mood,1.0,0.05292156827305104,0.8636706725218053,13,Yes
p10,Sleep_Restlessness,readiness,1.0,0.28366293497785755,0.3476279714955713,13,Yes
p10,Sleep_Restlessness,sleep_quality,1.0,-0.07784999382857827,0.8004291132723331,13,Yes
p10,Sleep_Restlessness,stress,1.0,-0.08777858644318742,0.7755289320109752,13,Yes
p10,Sleep_Composition,fatigue,1.0,,,8,No
p10,Sleep_Composition,mood,1.0,,,8,No
p10,Sleep_Composition,readiness,1.0,,,8,No
p10,Sleep_Composition,sleep_quality,1.0,,,8,No
p10,Sleep_Composition,stress,1.0,,,8,No
p10,Sleep_Revitalization,fatigue,1.0,-0.06526063621853294,0.810235358288274,16,Yes
p10,Sleep_Revitalization,mood,1.0,0.33821272343206055,0.20009749173104413,16,Yes
p10,Sleep_Revitalization,readiness,1.0,0.5687110011146004,0.021513727579506415,16,Yes
p10,Sleep_Revitalization,sleep_quality,1.0,0.155704838254951,0.5647311937478074,16,Yes
p10,Sleep_Revitalization,stress,1.0,-0.2181670117344298,0.4169480232279937,16,Yes
p10,Sleep_Score,fatigue,1.0,0.6729881837679923,0.00834571698230516,14,Yes
p10,Sleep_Score,mood,1.0,0.17045020357209545,0.56016564866771,14,Yes
p10,Sleep_Score,readiness,1.0,0.6887554433150984,0.006447945442119184,14,Yes
p10,Sleep_Score,sleep_quality,1.0,0.6517224053690961,0.011558331426265191,14,Yes
p10,Sleep_Score,stress,1.0,0.061072468401374036,0.8356980604291577,14,Yes
p11,Steps,fatigue,1.0,0.6142522829691921,0.04436513439273344,11,Yes
p11,Steps,mood,1.0,0.35305561829831683,0.2868648666636066,11,Yes
p11,Steps,readiness,1.0,0.6173452805992128,0.04300770673370365,11,Yes
p11,Steps,sleep_quality,1.0,0.00042527043886869675,0.9990098815529591,11,Yes
p11,Steps,stress,1.0,-0.29061912369969256,0.38595253681069086,11,Yes
p11,Exercise_Count,fatigue,1.0,,,1,No
p11,Exercise_Count,mood,1.0,,,1,No
p11,Exercise_Count,readiness,1.0,,,1,No
p11,Exercise_Count,sleep_quality,1.0,,,1,No
p11,Exercise_Count,stress,1.0,,,1,No
p11,Exercise_Duration,fatigue,1.0,,,8,No
p11,Exercise_Duration,mood,1.0,,,8,No
p11,Exercise_Duration,readiness,1.0,,,8,No
p11,Exercise_Duration,sleep_quality,1.0,,,8,No
p11,Exercise_Duration,stress,1.0,,,8,No
p11,Exercise_Distance,fatigue,1.0,,,4,No
p11,Exercise_Distance,mood,1.0,,,4,No
p11,Exercise_Distance,readiness,1.0,,,4,No
p11,Exercise_Distance,sleep_quality,1.0,,,4,No
p11,Exercise_Distance,stress,1.0,,,4,No
p11,Exercise_Calories,fatigue,1.0,-0.6075952997080893,0.06242509551719222,10,Yes
p11,Exercise_Calories,mood,1.0,,,10,Yes
p11,Exercise_Calories,readiness,1.0,-0.22078154059688004,0.5399014759247992,10,Yes
p11,Exercise_Calories,sleep_quality,1.0,-0.572050328759908,0.08399882869956839,10,Yes
p11,Exercise_Calories,stress,1.0,,,10,Yes
p11,Exercise_Avg_HR,fatigue,1.0,0.6524264504848132,0.02956699375492112,11,Yes
p11,Exercise_Avg_HR,mood,1.0,,,11,Yes
p11,Exercise_Avg_HR,readiness,1.0,0.4954104644564554,0.12125265311563659,11,Yes
p11,Exercise_Avg_HR,sleep_quality,1.0,0.4873567155544224,0.1283804545070776,11,Yes
p11,Exercise_Avg_HR,stress,1.0,,,11,Yes
p11,Sleep_Hours,fatigue,1.0,,,4,No
p11,Sleep_Hours,mood,1.0,,,4,No
p11,Sleep_Hours,readiness,1.0,,,4,No
p11,Sleep_Hours,sleep_quality,1.0,,,4,No
p11,Sleep_Hours,stress,1.0,,,4,No
p11,Sleep_Duration_Score,fatigue,1.0,0.6261191223608294,0.007169323017476817,17,Yes
p11,Sleep_Duration_Score,mood,1.0,,,17,Yes
p11,Sleep_Duration_Score,readiness,1.0,0.119220958331234,0.6485697585659173,17,Yes
p11,Sleep_Duration_Score,sleep_quality,1.0,0.49682459190045036,0.04247701731921369,17,Yes
p11,Sleep_Duration_Score,stress,1.0,-0.10921218002151184,0.6764980918367534,17,Yes
p11,Deep_Sleep_Minutes,fatigue,1.0,0.6338239058598162,0.00473573518291925,18,Yes
p11,Deep_Sleep_Minutes,mood,1.0,,,18,Yes
p11,Deep_Sleep_Minutes,readiness,1.0,-0.047639871041064624,0.8511007122705452,18,Yes
p11,Deep_Sleep_Minutes,sleep_quality,1.0,0.3353384356900709,0.17371531587494782,18,Yes
p11,Deep_Sleep_Minutes,stress,1.0,,,18,Yes
p11,Sleep_Restlessness,fatigue,1.0,-0.05498907030055048,0.8518903418456765,14,Yes
p11,Sleep_Restlessness,mood,1.0,,,14,Yes
p11,Sleep_Restlessness,readiness,1.0,0.021256402625559667,0.9425015626009396,14,Yes
p11,Sleep_Restlessness,sleep_quality,1.0,0.08614462762349762,0.7696624608971464,14,Yes
p11,Sleep_Restlessness,stress,1.0,,,14,Yes
p11,Sleep_Composition,fatigue,1.0,0.27476597812997533,0.18376579631944323,25,Yes
p11,Sleep_Composition,mood,1.0,,,25,Yes
p11,Sleep_Composition,readiness,1.0,0.01065815196750581,0.9596731656461347,25,Yes
p11,Sleep_Composition,sleep_quality,1.0,0.41736687587554666,0.03791095811874457,25,Yes
p11,Sleep_Composition,stress,1.0,-0.09380984679830702,0.6555817198727583,25,Yes
p11,Sleep_Revitalization,fatigue,1.0,0.06829479558851911,0.8418576198459284,11,Yes
p11,Sleep_Revitalization,mood,1.0,,,11,Yes
p11,Sleep_Revitalization,readiness,1.0,0.05187362104456897,0.8796057284607168,11,Yes
p11,Sleep_Revitalization,sleep_quality,1.0,0.2185433458832611,0.5185388327553245,11,Yes
p11,Sleep_Revitalization,stress,1.0,,,11,Yes
p11,Sleep_Score,fatigue,1.0,0.8319262148735698,0.00011996398873626597,15,Yes
p11,Sleep_Score,mood,1.0,,,15,Yes
p11,Sleep_Score,readiness,1.0,-0.03690806632737394,0.8961024190504662,15,Yes
p11,Sleep_Score,sleep_quality,1.0,0.4442981594758014,0.09707540250099599,15,Yes
p11,Sleep_Score,stress,1.0,-0.2587024122279926,0.351846415511257,15,Yes
p12,Steps,fatigue,1.0,0.4562244877885491,0.10107122081910472,14,Yes
p12,Steps,mood,1.0,0.08989243802277416,0.7599040295924115,14,Yes
p12,Steps,readiness,1.0,0.6555479362797889,0.010919957139723602,14,Yes
p12,Steps,sleep_quality,1.0,0.37156830183866685,0.19084080371473766,14,Yes
p12,Steps,stress,1.0,0.08989243802277416,0.7599040295924115,14,Yes
p12,Exercise_Count,fatigue,1.0,0.0,0.9999999999999996,11,Yes
p12,Exercise_Count,mood,1.0,-0.21700926997668551,0.5215519314992888,11,Yes
p12,Exercise_Count,readiness,1.0,0.01005545794980936,0.9765915492219231,11,Yes
p12,Exercise_Count,sleep_quality,1.0,-0.12131186985386827,0.7223566113562482,11,Yes
p12,Exercise_Count,stress,1.0,-0.21700926997668551,0.5215519314992888,11,Yes
p12,Exercise_Duration,fatigue,1.0,-0.15244381598820478,0.6741712625924585,10,Yes
p12,Exercise_Duration,mood,1.0,,,10,Yes
p12,Exercise_Duration,readiness,1.0,-0.2520528808377128,0.48234790804970434,10,Yes
p12,Exercise_Duration,sleep_quality,1.0,-0.3330261681297445,0.34706558375582836,10,Yes
p12,Exercise_Duration,stress,1.0,,,10,Yes
p12,Exercise_Calories,fatigue,1.0,,,6,No
p12,Exercise_Calories,mood,1.0,,,6,No
p12,Exercise_Calories,readiness,1.0,,,6,No
p12,Exercise_Calories,sleep_quality,1.0,,,6,No
p12,Exercise_Calories,stress,1.0,,,6,No
p12,Exercise_Avg_HR,fatigue,1.0,,,1,No
p12,Exercise_Avg_HR,mood,1.0,,,1,No
p12,Exercise_Avg_HR,readiness,1.0,,,1,No
p12,Exercise_Avg_HR,sleep_quality,1.0,,,1,No
p12,Exercise_Avg_HR,stress,1.0,,,1,No
p13,Steps,fatigue,1.0,-0.13162169931480797,0.6996708527073434,11,Yes
p13,Steps,mood,1.0,-0.6956523961326018,0.017450050843520474,11,Yes
p13,Steps,readiness,1.0,0.3867264943129739,0.24002692423394126,11,Yes
p13,Steps,sleep_quality,1.0,-0.10564552166094396,0.75721113838961,11,Yes
p13,Steps,stress,1.0,-0.48214902290763106,0.13312848984185172,11,Yes
p13,Exercise_Duration,fatigue,1.0,,,2,No
p13,Exercise_Duration,mood,1.0,,,2,No
p13,Exercise_Duration,readiness,1.0,,,2,No
p13,Exercise_Duration,sleep_quality,1.0,,,2,No
p13,Exercise_Duration,stress,1.0,,,2,No
p13,Exercise_Distance,fatigue,1.0,,,3,No
p13,Exercise_Distance,mood,1.0,,,3,No
p13,Exercise_Distance,readiness,1.0,,,3,No
p13,Exercise_Distance,sleep_quality,1.0,,,3,No
p13,Exercise_Distance,stress,1.0,,,3,No
p13,Exercise_Calories,fatigue,1.0,,,5,No
p13,Exercise_Calories,mood,1.0,,,5,No
p13,Exercise_Calories,readiness,1.0,,,5,No
p13,Exercise_Calories,sleep_quality,1.0,,,5,No
p13,Exercise_Calories,stress,1.0,,,5,No
p13,Exercise_Avg_HR,fatigue,1.0,,,4,No
p13,Exercise_Avg_HR,mood,1.0,,,4,No
p13,Exercise_Avg_HR,readiness,1.0,,,4,No
p13,Exercise_Avg_HR,sleep_quality,1.0,,,4,No
p13,Exercise_Avg_HR,stress,1.0,,,4,No
p13,Sleep_Duration_Score,fatigue,1.0,,,4,No
p13,Sleep_Duration_Score,mood,1.0,,,4,No
p13,Sleep_Duration_Score,readiness,1.0,,,4,No
p13,Sleep_Duration_Score,sleep_quality,1.0,,,4,No
p13,Sleep_Duration_Score,stress,1.0,,,4,No
p13,Deep_Sleep_Minutes,fatigue,1.0,,,2,No
p13,Deep_Sleep_Minutes,mood,1.0,,,2,No
p13,Deep_Sleep_Minutes,readiness,1.0,,,2,No
p13,Deep_Sleep_Minutes,sleep_quality,1.0,,,2,No
p13,Deep_Sleep_Minutes,stress,1.0,,,2,No
p13,Sleep_Restlessness,fatigue,1.0,,,2,No
p13,Sleep_Restlessness,mood,1.0,,,2,No
p13,Sleep_Restlessness,readiness,1.0,,,2,No
p13,Sleep_Restlessness,sleep_quality,1.0,,,2,No
p13,Sleep_Restlessness,stress,1.0,,,2,No
p13,Sleep_Composition,fatigue,1.0,,,2,No
p13,Sleep_Composition,mood,1.0,,,2,No
p13,Sleep_Composition,readiness,1.0,,,2,No
p13,Sleep_Composition,sleep_quality,1.0,,,2,No
p13,Sleep_Composition,stress,1.0,,,2,No
p13,Sleep_Revitalization,fatigue,1.0,,,1,No
p13,Sleep_Revitalization,mood,1.0,,,1,No
p13,Sleep_Revitalization,readiness,1.0,,,1,No
p13,Sleep_Revitalization,sleep_quality,1.0,,,1,No
p13,Sleep_Revitalization,stress,1.0,,,1,No
p13,Sleep_Score,fatigue,1.0,,,4,No
p13,Sleep_Score,mood,1.0,,,4,No
p13,Sleep_Score,readiness,1.0,,,4,No
p13,Sleep_Score,sleep_quality,1.0,,,4,No
p13,Sleep_Score,stress,1.0,,,4,No
p14,Steps,fatigue,1.0,0.33134282656066255,0.08499647343502821,28,Yes
p14,Steps,mood,1.0,,,28,Yes
p14,Steps,readiness,1.0,0.4486187789322698,0.016644106949547724,28,Yes
p14,Steps,sleep_quality,1.0,-0.10658845611135817,0.5893070793054742,28,Yes
p14,Steps,stress,1.0,0.3143857190066404,0.10324018517135511,28,Yes
p14,Exercise_Count,fatigue,1.0,-0.03627381250550054,0.8978791875876134,15,Yes
p14,Exercise_Count,mood,1.0,,,15,Yes
p14,Exercise_Count,readiness,1.0,0.32777255720860765,0.23301435387857905,15,Yes
p14,Exercise_Count,sleep_quality,1.0,0.09428928580058925,0.7381942418500019,15,Yes
p14,Exercise_Count,stress,1.0,0.39129279043561477,0.1492295348800907,15,Yes
p14,Exercise_Duration,fatigue,1.0,0.11605806104739405,0.6573497996880636,17,Yes
p14,Exercise_Duration,mood,1.0,,,17,Yes
p14,Exercise_Duration,readiness,1.0,0.2888952265011043,0.2607556112395981,17,Yes
p14,Exercise_Duration,sleep_quality,1.0,0.1051309707388219,0.6880041687941708,17,Yes
p14,Exercise_Duration,stress,1.0,0.49638475830548345,0.04268916931837385,17,Yes
p14,Exercise_Distance,fatigue,1.0,0.031719758544329624,0.8803570622136817,25,Yes
p14,Exercise_Distance,mood,1.0,,,25,Yes
p14,Exercise_Distance,readiness,1.0,-0.21925457750417715,0.2923276876084544,25,Yes
p14,Exercise_Distance,sleep_quality,1.0,-0.2126434328709808,0.3074837664076986,25,Yes
p14,Exercise_Distance,stress,1.0,0.2121738472397187,0.30857841394161023,25,Yes
p14,Exercise_Calories,fatigue,1.0,0.20248446580559434,0.39191436478180675,20,Yes
p14,Exercise_Calories,mood,1.0,,,20,Yes
p14,Exercise_Calories,readiness,1.0,0.40611363781358745,0.07561149995911967,20,Yes
p14,Exercise_Calories,sleep_quality,1.0,0.1563758375134698,0.5102981516048025,20,Yes
p14,Exercise_Calories,stress,1.0,0.45416537251478745,0.04426330544214942,20,Yes
p14,Exercise_Avg_HR,fatigue,1.0,0.21179768283441255,0.28889535742549477,27,Yes
p14,Exercise_Avg_HR,mood,1.0,,,27,Yes
p14,Exercise_Avg_HR,readiness,1.0,0.04584908001325492,0.8203578076684541,27,Yes
p14,Exercise_Avg_HR,sleep_quality,1.0,0.048574383981616044,0.809866355098598,27,Yes
p14,Exercise_Avg_HR,stress,1.0,0.005733286496319705,0.9773578741142697,27,Yes
p14,Sleep_Hours,fatigue,1.0,-0.28247251059206974,0.27197919369680795,17,Yes
p14,Sleep_Hours,mood,1.0,,,17,Yes
p14,Sleep_Hours,readiness,1.0,0.4011662716235558,0.11050041504897272,17,Yes
p14,Sleep_Hours,sleep_quality,1.0,0.1918289194818232,0.4607707723278338,17,Yes
p14,Sleep_Hours,stress,1.0,-0.42167367927668564,0.09182316793210855,17,Yes
p14,Sleep_Duration_Score,fatigue,1.0,0.08687098481104805,0.7080877739130648,21,Yes
p14,Sleep_Duration_Score,mood,1.0,,,21,Yes
p14,Sleep_Duration_Score,readiness,1.0,0.33517957126731573,0.13746704330900616,21,Yes
p14,Sleep_Duration_Score,sleep_quality,1.0,0.39624307771547795,0.07536445342405795,21,Yes
p14,Sleep_Duration_Score,stress,1.0,-0.018829102610300623,0.9354347873622401,21,Yes
p14,Deep_Sleep_Minutes,fatigue,1.0,0.07091112349316221,0.7868187071523856,17,Yes
p14,Deep_Sleep_Minutes,mood,1.0,,,17,Yes
p14,Deep_Sleep_Minutes,readiness,1.0,0.4282388233391414,0.08635577382849897,17,Yes
p14,Deep_Sleep_Minutes,sleep_quality,1.0,0.10510256504164786,0.6880844830684778,17,Yes
p14,Deep_Sleep_Minutes,stress,1.0,-0.2563840032016438,0.32055720284166644,17,Yes
p14,Sleep_Restlessness,fatigue,1.0,-0.44404610694040897,0.11169892382992466,14,Yes
p14,Sleep_Restlessness,mood,1.0,,,14,Yes
p14,Sleep_Restlessness,readiness,1.0,-0.0547223897339036,0.8526014579044965,14,Yes
p14,Sleep_Restlessness,sleep_quality,1.0,-0.41133828273378487,0.14395811216521415,14,Yes
p14,Sleep_Restlessness,stress,1.0,-0.3880159572166115,0.17040593381374938,14,Yes
p14,Sleep_Composition,fatigue,1.0,0.43852900965351477,0.11675606649243843,14,Yes
p14,Sleep_Composition,mood,1.0,,,14,Yes
p14,Sleep_Composition,readiness,1.0,0.4483219332480461,0.10788420429354527,14,Yes
p14,Sleep_Composition,sleep_quality,1.0,0.24019223070763063,0.4081582068554267,14,Yes
p14,Sleep_Composition,stress,1.0,-0.3721042037676256,0.19015143062304837,14,Yes
p14,Sleep_Revitalization,fatigue,1.0,,,7,No
p14,Sleep_Revitalization,mood,1.0,,,7,No
p14,Sleep_Revitalization,readiness,1.0,,,7,No
p14,Sleep_Revitalization,sleep_quality,1.0,,,7,No
p14,Sleep_Revitalization,stress,1.0,,,7,No
p14,Sleep_Score,fatigue,1.0,0.16996046011221919,0.529152863890283,16,Yes
p14,Sleep_Score,mood,1.0,,,16,Yes
p14,Sleep_Score,readiness,1.0,0.5349747533425686,0.03273956753342712,16,Yes
p14,Sleep_Score,sleep_quality,1.0,0.4873038889395493,0.05555008764774245,16,Yes
p14,Sleep_Score,stress,1.0,-0.1468307795570296,0.5873800609868315,16,Yes
p15,Steps,fatigue,1.0,0.0400563586671866,0.882906092133665,16,Yes
p15,Steps,mood,1.0,0.39204594985366764,0.13313219127388695,16,Yes
p15,Steps,readiness,1.0,0.11076584989462038,0.6829919951907591,16,Yes
p15,Steps,sleep_quality,1.0,0.35194243877093667,0.1812802311981483,16,Yes
p15,Steps,stress,1.0,0.1259331907432722,0.6421256894169184,16,Yes
p15,Exercise_Count,fatigue,1.0,,,9,No
p15,Exercise_Count,mood,1.0,,,9,No
p15,Exercise_Count,readiness,1.0,,,9,No
p15,Exercise_Count,sleep_quality,1.0,,,9,No
p15,Exercise_Count,stress,1.0,,,9,No
p15,Exercise_Distance,fatigue,1.0,-0.005041586029172956,0.9836574021957535,19,Yes
p15,Exercise_Distance,mood,1.0,-0.12080294404799795,0.6222737863728723,19,Yes
p15,Exercise_Distance,readiness,1.0,0.1534485154369628,0.5305346839354923,19,Yes
p15,Exercise_Distance,sleep_quality,1.0,-0.29881441980233203,0.21397451138185036,19,Yes
p15,Exercise_Distance,stress,1.0,-0.1274826500677029,0.6030012014385452,19,Yes
p15,Exercise_Calories,fatigue,1.0,0.450108266156232,0.12274347512826622,13,Yes
p15,Exercise_Calories,mood,1.0,0.49858231419058485,0.08287343918505874,13,Yes
p15,Exercise_Calories,readiness,1.0,0.47160908767961823,0.10374502702485028,13,Yes
p15,Exercise_Calories,sleep_quality,1.0,-0.057784807853907535,0.8512626027559972,13,Yes
p15,Exercise_Calories,stress,1.0,0.4117898892042324,0.16208494150036912,13,Yes
p15,Exercise_Avg_HR,fatigue,1.0,0.2791409988628132,0.23332046940904005,20,Yes
p15,Exercise_Avg_HR,mood,1.0,-0.1833769849445471,0.43900222023795543,20,Yes
p15,Exercise_Avg_HR,readiness,1.0,0.4671668612704558,0.03782187944316005,20,Yes
p15,Exercise_Avg_HR,sleep_quality,1.0,-0.3921829914673773,0.08721736623854305,20,Yes
p15,Exercise_Avg_HR,stress,1.0,0.0844196251371774,0.7234443002194475,20,Yes
p15,Sleep_Hours,fatigue,1.0,,,4,No
p15,Sleep_Hours,mood,1.0,,,4,No
p15,Sleep_Hours,readiness,1.0,,,4,No
p15,Sleep_Hours,sleep_quality,1.0,,,4,No
p15,Sleep_Hours,stress,1.0,,,4,No
p15,Sleep_Duration_Score,fatigue,1.0,0.062420310258933714,0.7772236096940613,23,Yes
p15,Sleep_Duration_Score,mood,1.0,0.17013766404781264,0.4376703281209923,23,Yes
p15,Sleep_Duration_Score,readiness,1.0,0.11860220070678208,0.5898971940166652,23,Yes
p15,Sleep_Duration_Score,sleep_quality,1.0,0.45848625561191225,0.0277826994679347,23,Yes
p15,Sleep_Duration_Score,stress,1.0,-0.09790874805568095,0.6567252323936672,23,Yes
p15,Deep_Sleep_Minutes,fatigue,1.0,,,9,No
p15,Deep_Sleep_Minutes,mood,1.0,,,9,No
p15,Deep_Sleep_Minutes,readiness,1.0,,,9,No
p15,Deep_Sleep_Minutes,sleep_quality,1.0,,,9,No
p15,Deep_Sleep_Minutes,stress,1.0,,,9,No
p15,Sleep_Restlessness,fatigue,1.0,0.28678524734027083,0.26441060960883533,17,Yes
p15,Sleep_Restlessness,mood,1.0,-0.1075267846232611,0.6812416654600276,17,Yes
p15,Sleep_Restlessness,readiness,1.0,-0.5175033098009961,0.03337231311443135,17,Yes
p15,Sleep_Restlessness,sleep_quality,1.0,-0.43407063153870407,0.08169995900335263,17,Yes
p15,Sleep_Restlessness,stress,1.0,0.12705276105208355,0.6270185530036417,17,Yes
p15,Sleep_Composition,fatigue,1.0,0.3067191794659486,0.38868926110133095,10,Yes
p15,Sleep_Composition,mood,1.0,0.07620499280986873,0.8342662611211482,10,Yes
p15,Sleep_Composition,readiness,1.0,0.10732754466152807,0.7679068220748464,10,Yes
p15,Sleep_Composition,sleep_quality,1.0,0.4771187236136977,0.1632000128998612,10,Yes
p15,Sleep_Composition,stress,1.0,0.16187956694036165,0.6550229474124444,10,Yes
p15,Sleep_Revitalization,fatigue,1.0,0.2110995823099407,0.35832818037948944,21,Yes
p15,Sleep_Revitalization,mood,1.0,-0.005876256184028331,0.97983197722052,21,Yes
p15,Sleep_Revitalization,readiness,1.0,0.32417970538517293,0.15166668074262016,21,Yes
p15,Sleep_Revitalization,sleep_quality,1.0,0.24357644112685461,0.28733390646051854,21,Yes
p15,Sleep_Revitalization,stress,1.0,-0.28336607683481346,0.2132276261041734,21,Yes
p15,Sleep_Score,fatigue,1.0,0.2764868709917644,0.29991249569735917,16,Yes
p15,Sleep_Score,mood,1.0,0.24628953162042053,0.3578230074593429,16,Yes
p15,Sleep_Score,readiness,1.0,0.25177989360091135,0.3468577151088455,16,Yes
p15,Sleep_Score,sleep_quality,1.0,0.5970607016723519,0.014609340794606787,16,Yes
p15,Sleep_Score,stress,1.0,-0.11396057645963792,0.674310818923697,16,Yes
p16,Steps,fatigue,1.0,,,4,No
p16,Steps,mood,1.0,,,4,No
p16,Steps,readiness,1.0,,,4,No
p16,Steps,sleep_quality,1.0,,,4,No
p16,Steps,stress,1.0,,,4,No
p16,Exercise_Count,fatigue,1.0,,,4,No
p16,Exercise_Count,mood,1.0,,,4,No
p16,Exercise_Count,readiness,1.0,,,4,No
p16,Exercise_Count,sleep_quality,1.0,,,4,No
p16,Exercise_Count,stress,1.0,,,4,No
p16,Exercise_Duration,fatigue,1.0,,,4,No
p16,Exercise_Duration,mood,1.0,,,4,No
p16,Exercise_Duration,readiness,1.0,,,4,No
p16,Exercise_Duration,sleep_quality,1.0,,,4,No
p16,Exercise_Duration,stress,1.0,,,4,No
p16,Exercise_Calories,fatigue,1.0,,,4,No
p16,Exercise_Calories,mood,1.0,,,4,No
p16,Exercise_Calories,readiness,1.0,,,4,No
p16,Exercise_Calories,sleep_quality,1.0,,,4,No
p16,Exercise_Calories,stress,1.0,,,4,No
p16,Exercise_Avg_HR,fatigue,1.0,,,1,No
p16,Exercise_Avg_HR,mood,1.0,,,1,No
p16,Exercise_Avg_HR,readiness,1.0,,,1,No
p16,Exercise_Avg_HR,sleep_quality,1.0,,,1,No
p16,Exercise_Avg_HR,stress,1.0,,,1,No
p16,Sleep_Hours,fatigue,1.0,0.7542518877845953,0.004592246568659715,12,Yes
p16,Sleep_Hours,mood,1.0,0.5169615227443585,0.08523785099336897,12,Yes
p16,Sleep_Hours,readiness,1.0,0.21421721587932335,0.5037769189598491,12,Yes
p16,Sleep_Hours,sleep_quality,1.0,0.3842844068508874,0.2174498235234852,12,Yes
p16,Sleep_Hours,stress,1.0,0.5452739800031412,0.0667201534782222,12,Yes
p16,Sleep_Duration_Score,fatigue,1.0,0.5794392523364484,0.07916960695939164,10,Yes
p16,Sleep_Duration_Score,mood,1.0,0.5015479575700462,0.1396891672787986,10,Yes
p16,Sleep_Duration_Score,readiness,1.0,0.27293919133803113,0.44547077688802583,10,Yes
p16,Sleep_Duration_Score,sleep_quality,1.0,0.2347902499043728,0.5137852906351468,10,Yes
p16,Sleep_Duration_Score,stress,1.0,0.24797194694245978,0.48970339467583907,10,Yes
p16,Deep_Sleep_Minutes,fatigue,1.0,0.6938524744274484,0.017867336282523353,11,Yes
p16,Deep_Sleep_Minutes,mood,1.0,0.7630559042691213,0.006296501269663619,11,Yes
p16,Deep_Sleep_Minutes,readiness,1.0,0.11797793900740453,0.7297366897788663,11,Yes
p16,Deep_Sleep_Minutes,sleep_quality,1.0,0.6423654655349741,0.03306659522229536,11,Yes
p16,Deep_Sleep_Minutes,stress,1.0,0.6660526683202836,0.025254092159616624,11,Yes
p16,Sleep_Restlessness,fatigue,1.0,-0.1705754988403434,0.5774185131425128,13,Yes
p16,Sleep_Restlessness,mood,1.0,-0.2761659687742368,0.36106192188408104,13,Yes
p16,Sleep_Restlessness,readiness,1.0,-0.7478971158372943,0.003284816447844164,13,Yes
p16,Sleep_Restlessness,sleep_quality,1.0,-0.4371235891640671,0.135273551714701,13,Yes
p16,Sleep_Restlessness,stress,1.0,-0.11224151211541902,0.7150574150648151,13,Yes
p16,Sleep_Composition,fatigue,1.0,0.5693279959083907,0.04226702441761318,13,Yes
p16,Sleep_Composition,mood,1.0,0.5135963620232804,0.07261472270306986,13,Yes
p16,Sleep_Composition,readiness,1.0,0.10801982065226165,0.7253948996488254,13,Yes
p16,Sleep_Composition,sleep_quality,1.0,0.6054826545028508,0.02831081145404947,13,Yes
p16,Sleep_Composition,stress,1.0,0.45359602512055586,0.11951484366222456,13,Yes
p16,Sleep_Revitalization,fatigue,1.0,-0.5445399357607644,0.1036273412186614,10,Yes
p16,Sleep_Revitalization,mood,1.0,,,10,Yes
p16,Sleep_Revitalization,readiness,1.0,0.10419430674707815,0.7745333350303861,10,Yes
p16,Sleep_Revitalization,sleep_quality,1.0,0.41677722698831277,0.23084258538454172,10,Yes
p16,Sleep_Revitalization,stress,1.0,-0.2549345306823762,0.4771830847872858,10,Yes
p16,Sleep_Score,fatigue,1.0,0.7516348365930556,0.012180912807713589,10,Yes
p16,Sleep_Score,mood,1.0,0.7905271680387792,0.006485327908706278,10,Yes
p16,Sleep_Score,readiness,1.0,0.4546070114233447,0.1868375690211142,10,Yes
p16,Sleep_Score,sleep_quality,1.0,0.8151930161628774,0.0040564011475248555,10,Yes
p16,Sleep_Score,stress,1.0,0.7548083482989606,0.011618661078792203,10,Yes
