Participant,Objective_Variable,Wellness_Variable,r,p,N,Time_Lag
p01,Steps,fatigue,-0.2543089563648793,0.04257599364211394,64,t_to_t+1
p01,Steps,mood,0.12046471750686938,0.34303653430446435,64,t_to_t+1
p01,Steps,readiness,-0.5513998405216314,2.3346905726246063e-06,64,t_to_t+1
p01,Steps,sleep_quality,-0.03213296296113756,0.8009929465915332,64,t_to_t+1
p01,Steps,stress,0.27191811701189333,0.029734691883585528,64,t_to_t+1
p01,Exercise_Count,fatigue,-0.27175339279659994,0.029837719525735027,64,t_to_t+1
p01,Exercise_Count,mood,-0.1043281061914602,0.4119782504078866,64,t_to_t+1
p01,Exercise_Count,readiness,-0.3668805693039848,0.00286436538716253,64,t_to_t+1
p01,Exercise_Count,sleep_quality,-0.3620300534999658,0.0032866130045772365,64,t_to_t+1
p01,Exercise_Count,stress,0.12547286652195427,0.3231965627325307,64,t_to_t+1
p01,Exercise_Duration,fatigue,-0.30074887169756637,0.01574540408213901,64,t_to_t+1
p01,Exercise_Duration,mood,-0.03251430518621375,0.7986804575985524,64,t_to_t+1
p01,Exercise_Duration,readiness,-0.45412834341048103,0.00016375824759857897,64,t_to_t+1
p01,Exercise_Duration,sleep_quality,-0.2186821775407557,0.08255370246383209,64,t_to_t+1
p01,Exercise_Duration,stress,0.14147171098454167,0.2648132282029394,64,t_to_t+1
p01,Exercise_Distance,fatigue,-0.4106915706816197,0.0007494526791325836,64,t_to_t+1
p01,Exercise_Distance,mood,0.0,1.0000000000000002,64,t_to_t+1
p01,Exercise_Distance,readiness,-0.4909814883675654,3.802201284720302e-05,64,t_to_t+1
p01,Exercise_Distance,sleep_quality,-0.13946518036779537,0.2717185558110293,64,t_to_t+1
p01,Exercise_Distance,stress,0.1494698215616293,0.23846701238976392,64,t_to_t+1
p01,Exercise_Calories,fatigue,-0.3628886932275212,0.0032080630899476957,64,t_to_t+1
p01,Exercise_Calories,mood,-0.03206997026286396,0.8013751035849528,64,t_to_t+1
p01,Exercise_Calories,readiness,-0.5490383961731159,2.6308972662108664e-06,64,t_to_t+1
p01,Exercise_Calories,sleep_quality,-0.2594574415340738,0.03841957067069911,64,t_to_t+1
p01,Exercise_Calories,stress,0.17659339303886748,0.16274435181466734,64,t_to_t+1
p01,Exercise_Avg_HR,fatigue,-0.36075714138453574,0.013777777926580926,46,t_to_t+1
p01,Exercise_Avg_HR,mood,0.01773172810096639,0.9068902832011385,46,t_to_t+1
p01,Exercise_Avg_HR,readiness,-0.42629483698584203,0.0031360181926560057,46,t_to_t+1
p01,Exercise_Avg_HR,sleep_quality,-0.060682916752449474,0.688704004858013,46,t_to_t+1
p01,Exercise_Avg_HR,stress,0.22569969939404136,0.13150887982415005,46,t_to_t+1
p01,Sleep_Hours,fatigue,0.21474827218119974,0.0883680406638507,64,t_to_t+1
p01,Sleep_Hours,mood,-0.0016536414690104181,0.9896530041798808,64,t_to_t+1
p01,Sleep_Hours,readiness,0.08897487616289501,0.48445295487839124,64,t_to_t+1
p01,Sleep_Hours,sleep_quality,-0.06379660061116647,0.6164946807393301,64,t_to_t+1
p01,Sleep_Hours,stress,-0.041028088314314926,0.7475350922552695,64,t_to_t+1
p01,Sleep_Duration_Score,fatigue,0.0661968160727368,0.6032673428973278,64,t_to_t+1
p01,Sleep_Duration_Score,mood,0.0,1.0000000000000002,64,t_to_t+1
p01,Sleep_Duration_Score,readiness,0.10496647005986845,0.4091075593625926,64,t_to_t+1
p01,Sleep_Duration_Score,sleep_quality,-0.275476283295467,0.027581001179395097,64,t_to_t+1
p01,Sleep_Duration_Score,stress,-0.07290403491478711,0.5669833376005106,64,t_to_t+1
p01,Deep_Sleep_Minutes,fatigue,0.11045056801594863,0.38492809240684206,64,t_to_t+1
p01,Deep_Sleep_Minutes,mood,-0.06775790736217062,0.594731769092923,64,t_to_t+1
p01,Deep_Sleep_Minutes,readiness,0.10912427314862805,0.3906961562623508,64,t_to_t+1
p01,Deep_Sleep_Minutes,sleep_quality,-0.20654330551691158,0.10152822121588272,64,t_to_t+1
p01,Deep_Sleep_Minutes,stress,-0.049498104087401976,0.6977063320128041,64,t_to_t+1
p01,Sleep_Restlessness,fatigue,0.08023747644248097,0.5285206115430922,64,t_to_t+1
p01,Sleep_Restlessness,mood,0.15018353820224045,0.23620702295163107,64,t_to_t+1
p01,Sleep_Restlessness,readiness,0.023732549466898987,0.8523313889763533,64,t_to_t+1
p01,Sleep_Restlessness,sleep_quality,0.2084528775633766,0.09833719336306115,64,t_to_t+1
p01,Sleep_Restlessness,stress,0.08444237670270728,0.5070673023097705,64,t_to_t+1
p01,Sleep_Composition,fatigue,-0.07147668809241055,0.5746188136419211,64,t_to_t+1
p01,Sleep_Composition,mood,-0.1772759871297354,0.1610994210567628,64,t_to_t+1
p01,Sleep_Composition,readiness,0.050266997592392997,0.6932416473293573,64,t_to_t+1
p01,Sleep_Composition,sleep_quality,-0.26054142726962976,0.03758879302443158,64,t_to_t+1
p01,Sleep_Composition,stress,-0.1610886016372498,0.20350354221104322,64,t_to_t+1
p01,Sleep_Revitalization,fatigue,0.0637707833485364,0.6166376296628328,64,t_to_t+1
p01,Sleep_Revitalization,mood,-0.15323308783720374,0.22671725340019935,64,t_to_t+1
p01,Sleep_Revitalization,readiness,0.07518481315880231,0.5548819303860213,64,t_to_t+1
p01,Sleep_Revitalization,sleep_quality,0.04691785961402803,0.7127628660581109,64,t_to_t+1
p01,Sleep_Revitalization,stress,-0.059382234768297695,0.6411392305063786,64,t_to_t+1
p01,Sleep_Score,fatigue,0.03828004795879228,0.76393710660185,64,t_to_t+1
p01,Sleep_Score,mood,-0.16150118588358903,0.2023328259600688,64,t_to_t+1
p01,Sleep_Score,readiness,0.12155617977886418,0.3386492625461408,64,t_to_t+1
p01,Sleep_Score,sleep_quality,-0.2488955009943532,0.04733945798575531,64,t_to_t+1
p01,Sleep_Score,stress,-0.1456751503448234,0.25073267991503556,64,t_to_t+1
p02,Steps,fatigue,,,30,t_to_t+1
p02,Steps,mood,-0.08124261823864386,0.6695375402367977,30,t_to_t+1
p02,Steps,readiness,0.023776742055057656,0.900749762632165,30,t_to_t+1
p02,Steps,sleep_quality,-0.04212853442321509,0.8250608465398255,30,t_to_t+1
p02,Steps,stress,0.1281397849676729,0.49979134285937765,30,t_to_t+1
p02,Exercise_Count,fatigue,,,30,t_to_t+1
p02,Exercise_Count,mood,-0.0203236920283231,0.9151077595836195,30,t_to_t+1
p02,Exercise_Count,readiness,-0.058011487411873966,0.7607491710603692,30,t_to_t+1
p02,Exercise_Count,sleep_quality,0.016295205515205795,0.9318913010850024,30,t_to_t+1
p02,Exercise_Count,stress,0.2281328772128811,0.2253177447556858,30,t_to_t+1
p02,Exercise_Duration,fatigue,,,30,t_to_t+1
p02,Exercise_Duration,mood,-0.09183938062001878,0.629327992177937,30,t_to_t+1
p02,Exercise_Duration,readiness,-0.07497351130866203,0.693763563062099,30,t_to_t+1
p02,Exercise_Duration,sleep_quality,-0.25331334200922084,0.17680763226063223,30,t_to_t+1
p02,Exercise_Duration,stress,0.10343271017031973,0.5865004996490651,30,t_to_t+1
p02,Exercise_Distance,fatigue,,,30,t_to_t+1
p02,Exercise_Distance,mood,-0.13983106230499784,0.4611375386724932,30,t_to_t+1
p02,Exercise_Distance,readiness,-0.24436646881550877,0.1931173928525397,30,t_to_t+1
p02,Exercise_Distance,sleep_quality,-0.2839434317155586,0.12835194430090266,30,t_to_t+1
p02,Exercise_Distance,stress,-0.10178165309091618,0.5925212092185366,30,t_to_t+1
p02,Exercise_Calories,fatigue,,,30,t_to_t+1
p02,Exercise_Calories,mood,-0.04578786915261083,0.8101288366580828,30,t_to_t+1
p02,Exercise_Calories,readiness,-0.06331363110168968,0.7396012831531168,30,t_to_t+1
p02,Exercise_Calories,sleep_quality,-0.2633573838708462,0.15968230566194203,30,t_to_t+1
p02,Exercise_Calories,stress,0.1585753076163275,0.4026143017358004,30,t_to_t+1
p02,Exercise_Avg_HR,fatigue,,,28,t_to_t+1
p02,Exercise_Avg_HR,mood,0.29947594457275367,0.1215722064302339,28,t_to_t+1
p02,Exercise_Avg_HR,readiness,0.02080112505143915,0.9163265938514317,28,t_to_t+1
p02,Exercise_Avg_HR,sleep_quality,-0.25392059294422686,0.1922829426773961,28,t_to_t+1
p02,Exercise_Avg_HR,stress,0.29947594457275367,0.1215722064302339,28,t_to_t+1
p02,Sleep_Hours,fatigue,,,30,t_to_t+1
p02,Sleep_Hours,mood,-0.335806601322202,0.06964272795222061,30,t_to_t+1
p02,Sleep_Hours,readiness,0.2565769733273776,0.1711070948579203,30,t_to_t+1
p02,Sleep_Hours,sleep_quality,-0.12663702827699774,0.5048748021450923,30,t_to_t+1
p02,Sleep_Hours,stress,0.054096279397190014,0.7764753455841231,30,t_to_t+1
p02,Sleep_Duration_Score,fatigue,,,28,t_to_t+1
p02,Sleep_Duration_Score,mood,0.04977375565610861,0.8014077043815642,28,t_to_t+1
p02,Sleep_Duration_Score,readiness,0.009739079180481891,0.9607712020155103,28,t_to_t+1
p02,Sleep_Duration_Score,sleep_quality,0.013574660633484201,0.9453411109654235,28,t_to_t+1
p02,Sleep_Duration_Score,stress,0.04977375565610861,0.8014077043815642,28,t_to_t+1
p02,Deep_Sleep_Minutes,fatigue,,,30,t_to_t+1
p02,Deep_Sleep_Minutes,mood,-0.13566519472235955,0.4747265184947057,30,t_to_t+1
p02,Deep_Sleep_Minutes,readiness,0.13339134034083738,0.48223047405627106,30,t_to_t+1
p02,Deep_Sleep_Minutes,sleep_quality,-0.1072581293153122,0.572654940972528,30,t_to_t+1
p02,Deep_Sleep_Minutes,stress,0.10157306945761013,0.5932837278999349,30,t_to_t+1
p02,Sleep_Restlessness,fatigue,,,28,t_to_t+1
p02,Sleep_Restlessness,mood,0.3021953927641185,0.11806180119426596,28,t_to_t+1
p02,Sleep_Restlessness,readiness,0.35678990100219254,0.06235630967832874,28,t_to_t+1
p02,Sleep_Restlessness,sleep_quality,0.10439800236429952,0.5970243011889009,28,t_to_t+1
p02,Sleep_Restlessness,stress,0.3021953927641185,0.11806180119426596,28,t_to_t+1
p02,Sleep_Composition,fatigue,,,28,t_to_t+1
p02,Sleep_Composition,mood,0.03682375525664294,0.8524196661284793,28,t_to_t+1
p02,Sleep_Composition,readiness,-0.2439875815097048,0.21085709631695038,28,t_to_t+1
p02,Sleep_Composition,sleep_quality,0.07773903887513513,0.6941735032209575,28,t_to_t+1
p02,Sleep_Composition,stress,0.03682375525664294,0.8524196661284793,28,t_to_t+1
p02,Sleep_Revitalization,fatigue,,,28,t_to_t+1
p02,Sleep_Revitalization,mood,0.025207136015970476,0.8986852985583963,28,t_to_t+1
p02,Sleep_Revitalization,readiness,0.19228340544082717,0.32695422604641655,28,t_to_t+1
p02,Sleep_Revitalization,sleep_quality,-0.28988206418366047,0.13457033876974833,28,t_to_t+1
p02,Sleep_Revitalization,stress,0.025207136015970476,0.8986852985583963,28,t_to_t+1
p02,Sleep_Score,fatigue,,,28,t_to_t+1
p02,Sleep_Score,mood,0.062124677119278965,0.7534840394626398,28,t_to_t+1
p02,Sleep_Score,readiness,0.009075557242897853,0.9634420287899325,28,t_to_t+1
p02,Sleep_Score,sleep_quality,-0.10672700941004337,0.588820399658389,28,t_to_t+1
p02,Sleep_Score,stress,0.062124677119278965,0.7534840394626398,28,t_to_t+1
p03,Steps,fatigue,-0.47440419872179523,0.04014812475615187,19,t_to_t+1
p03,Steps,mood,0.05896993880879604,0.8104840408328434,19,t_to_t+1
p03,Steps,readiness,,,19,t_to_t+1
p03,Steps,sleep_quality,,,19,t_to_t+1
p03,Steps,stress,-0.036411598555603206,0.8823523883159906,19,t_to_t+1
p03,Exercise_Count,fatigue,-0.14193323895091484,0.5621716804971628,19,t_to_t+1
p03,Exercise_Count,mood,0.20525898760122524,0.39923241895513806,19,t_to_t+1
p03,Exercise_Count,readiness,,,19,t_to_t+1
p03,Exercise_Count,sleep_quality,,,19,t_to_t+1
p03,Exercise_Count,stress,-0.09753428933010876,0.6911985825521617,19,t_to_t+1
p03,Exercise_Duration,fatigue,-0.4039372053327419,0.08631510236559499,19,t_to_t+1
p03,Exercise_Duration,mood,0.1080014130041349,0.6598657324518433,19,t_to_t+1
p03,Exercise_Duration,readiness,,,19,t_to_t+1
p03,Exercise_Duration,sleep_quality,,,19,t_to_t+1
p03,Exercise_Duration,stress,-0.13157340181291047,0.5913204826822283,19,t_to_t+1
p03,Exercise_Distance,fatigue,,,19,t_to_t+1
p03,Exercise_Distance,mood,,,19,t_to_t+1
p03,Exercise_Distance,readiness,,,19,t_to_t+1
p03,Exercise_Distance,sleep_quality,,,19,t_to_t+1
p03,Exercise_Distance,stress,,,19,t_to_t+1
p03,Exercise_Calories,fatigue,-0.4111697307285907,0.08031091820175137,19,t_to_t+1
p03,Exercise_Calories,mood,0.09863084619285098,0.6878924085076671,19,t_to_t+1
p03,Exercise_Calories,readiness,,,19,t_to_t+1
p03,Exercise_Calories,sleep_quality,,,19,t_to_t+1
p03,Exercise_Calories,stress,-0.09748087014057764,0.6913597814195911,19,t_to_t+1
p03,Exercise_Avg_HR,fatigue,-0.21701557866078564,0.4980844065949567,12,t_to_t+1
p03,Exercise_Avg_HR,mood,-0.20483662259967556,0.523066896890598,12,t_to_t+1
p03,Exercise_Avg_HR,readiness,,,12,t_to_t+1
p03,Exercise_Avg_HR,sleep_quality,,,12,t_to_t+1
p03,Exercise_Avg_HR,stress,0.4389356198564478,0.1534267201520858,12,t_to_t+1
p03,Sleep_Hours,fatigue,0.1950806285137588,0.5039173000978805,14,t_to_t+1
p03,Sleep_Hours,mood,0.21632805650152753,0.45758759311242736,14,t_to_t+1
p03,Sleep_Hours,readiness,,,14,t_to_t+1
p03,Sleep_Hours,sleep_quality,,,14,t_to_t+1
p03,Sleep_Hours,stress,,,14,t_to_t+1
p03,Sleep_Duration_Score,fatigue,0.3376353469658638,0.23775969490440066,14,t_to_t+1
p03,Sleep_Duration_Score,mood,0.5089594574266283,0.06306970077308134,14,t_to_t+1
p03,Sleep_Duration_Score,readiness,,,14,t_to_t+1
p03,Sleep_Duration_Score,sleep_quality,,,14,t_to_t+1
p03,Sleep_Duration_Score,stress,,,14,t_to_t+1
p03,Deep_Sleep_Minutes,fatigue,0.39418295353913024,0.16312657232484015,14,t_to_t+1
p03,Deep_Sleep_Minutes,mood,-0.21616412778945415,0.4579368573980644,14,t_to_t+1
p03,Deep_Sleep_Minutes,readiness,,,14,t_to_t+1
p03,Deep_Sleep_Minutes,sleep_quality,,,14,t_to_t+1
p03,Deep_Sleep_Minutes,stress,,,14,t_to_t+1
p03,Sleep_Restlessness,fatigue,0.2664193553971737,0.3572036480426243,14,t_to_t+1
p03,Sleep_Restlessness,mood,-0.04456080282853575,0.8797707739876399,14,t_to_t+1
p03,Sleep_Restlessness,readiness,,,14,t_to_t+1
p03,Sleep_Restlessness,sleep_quality,,,14,t_to_t+1
p03,Sleep_Restlessness,stress,,,14,t_to_t+1
p03,Sleep_Composition,fatigue,-0.0346271680532222,0.9064502284740261,14,t_to_t+1
p03,Sleep_Composition,mood,0.271498660374615,0.3477577711377926,14,t_to_t+1
p03,Sleep_Composition,readiness,,,14,t_to_t+1
p03,Sleep_Composition,sleep_quality,,,14,t_to_t+1
p03,Sleep_Composition,stress,,,14,t_to_t+1
p03,Sleep_Revitalization,fatigue,0.10059199249778628,0.7322312931453658,14,t_to_t+1
p03,Sleep_Revitalization,mood,-0.22657319268986328,0.4360196040369758,14,t_to_t+1
p03,Sleep_Revitalization,readiness,,,14,t_to_t+1
p03,Sleep_Revitalization,sleep_quality,,,14,t_to_t+1
p03,Sleep_Revitalization,stress,,,14,t_to_t+1
p03,Sleep_Score,fatigue,0.21252557102111275,0.4657224355100924,14,t_to_t+1
p03,Sleep_Score,mood,0.19996001199600147,0.4930920018132282,14,t_to_t+1
p03,Sleep_Score,readiness,,,14,t_to_t+1
p03,Sleep_Score,sleep_quality,,,14,t_to_t+1
p03,Sleep_Score,stress,,,14,t_to_t+1
p04,Steps,fatigue,-0.2867488810161402,0.019579961230823784,66,t_to_t+1
p04,Steps,mood,0.0729488913476578,0.5605042775014413,66,t_to_t+1
p04,Steps,readiness,-0.1552847614792365,0.21313035471760716,66,t_to_t+1
p04,Steps,sleep_quality,-0.1738494822827965,0.16270527159524747,66,t_to_t+1
p04,Steps,stress,-0.017585318995209896,0.8885454622117299,66,t_to_t+1
p04,Exercise_Count,fatigue,-0.15709837181445233,0.20776790844941415,66,t_to_t+1
p04,Exercise_Count,mood,0.1424199985344634,0.2539760480256408,66,t_to_t+1
p04,Exercise_Count,readiness,-0.19694393296577978,0.11297173177703702,66,t_to_t+1
p04,Exercise_Count,sleep_quality,-0.015515304623801457,0.9015955687404082,66,t_to_t+1
p04,Exercise_Count,stress,0.11145703440890661,0.3729501245182602,66,t_to_t+1
p04,Exercise_Duration,fatigue,-0.15607530233503653,0.21078102974963003,66,t_to_t+1
p04,Exercise_Duration,mood,0.1458694313815512,0.24253659554808338,66,t_to_t+1
p04,Exercise_Duration,readiness,-0.17384261947076518,0.16272212438012476,66,t_to_t+1
p04,Exercise_Duration,sleep_quality,-0.1124820275107087,0.3685425699514599,66,t_to_t+1
p04,Exercise_Duration,stress,0.008111333935158503,0.9484616219161227,66,t_to_t+1
p04,Exercise_Distance,fatigue,-0.19075582312752512,0.12497464149539736,66,t_to_t+1
p04,Exercise_Distance,mood,0.09541162962489039,0.44602503292501555,66,t_to_t+1
p04,Exercise_Distance,readiness,-0.1816441042309512,0.1443830226470085,66,t_to_t+1
p04,Exercise_Distance,sleep_quality,-0.16823977489451952,0.17691369017237593,66,t_to_t+1
p04,Exercise_Distance,stress,0.00796687743059227,0.9493782657483998,66,t_to_t+1
p04,Exercise_Calories,fatigue,-0.263240530545252,0.032717220917224024,66,t_to_t+1
p04,Exercise_Calories,mood,0.049736936748525896,0.6916697718111627,66,t_to_t+1
p04,Exercise_Calories,readiness,-0.26919054579355073,0.02884138628922662,66,t_to_t+1
p04,Exercise_Calories,sleep_quality,-0.1675684869351229,0.17867258662820562,66,t_to_t+1
p04,Exercise_Calories,stress,-0.06595094257617012,0.5988018778816913,66,t_to_t+1
p04,Exercise_Avg_HR,fatigue,-0.09512120838327093,0.4938530257649818,54,t_to_t+1
p04,Exercise_Avg_HR,mood,-0.0396349879599629,0.7759864440342557,54,t_to_t+1
p04,Exercise_Avg_HR,readiness,-0.19384402072960424,0.16017357225441362,54,t_to_t+1
p04,Exercise_Avg_HR,sleep_quality,-0.23075309310205958,0.09320175667237432,54,t_to_t+1
p04,Exercise_Avg_HR,stress,-0.08368122563488332,0.5474424533336735,54,t_to_t+1
p04,Sleep_Hours,fatigue,0.1281702987964258,0.305078748159936,66,t_to_t+1
p04,Sleep_Hours,mood,0.1352770605720544,0.278814921867574,66,t_to_t+1
p04,Sleep_Hours,readiness,0.021275804114578103,0.8653545274735938,66,t_to_t+1
p04,Sleep_Hours,sleep_quality,0.019505540774887153,0.8764659392761878,66,t_to_t+1
p04,Sleep_Hours,stress,0.1202409399080012,0.33621401003133167,66,t_to_t+1
p04,Sleep_Duration_Score,fatigue,0.006724687678805948,0.9576006202784063,65,t_to_t+1
p04,Sleep_Duration_Score,mood,0.0017531912542511179,0.9889413339827103,65,t_to_t+1
p04,Sleep_Duration_Score,readiness,0.02504049783177307,0.8430475920307965,65,t_to_t+1
p04,Sleep_Duration_Score,sleep_quality,0.18144597081120958,0.14803211242877465,65,t_to_t+1
p04,Sleep_Duration_Score,stress,0.045628105712514605,0.718162366690179,65,t_to_t+1
p04,Deep_Sleep_Minutes,fatigue,0.11942808948267881,0.33951472385517895,66,t_to_t+1
p04,Deep_Sleep_Minutes,mood,0.0838809185276822,0.5031044519095811,66,t_to_t+1
p04,Deep_Sleep_Minutes,readiness,0.0364627480347302,0.7713101678076606,66,t_to_t+1
p04,Deep_Sleep_Minutes,sleep_quality,0.09370442232602812,0.4542417855338511,66,t_to_t+1
p04,Deep_Sleep_Minutes,stress,0.06373382884619175,0.6111725118915481,66,t_to_t+1
p04,Sleep_Restlessness,fatigue,0.05579000290998167,0.6589162033085407,65,t_to_t+1
p04,Sleep_Restlessness,mood,0.01568940096849343,0.9012794599711154,65,t_to_t+1
p04,Sleep_Restlessness,readiness,0.01286983912315242,0.9189544322042137,65,t_to_t+1
p04,Sleep_Restlessness,sleep_quality,0.19685351829118294,0.11601751267168256,65,t_to_t+1
p04,Sleep_Restlessness,stress,-0.13116330413553798,0.2976614057318444,65,t_to_t+1
p04,Sleep_Composition,fatigue,0.10211957381115623,0.41825137861087375,65,t_to_t+1
p04,Sleep_Composition,mood,0.049522846207884635,0.6952359739118606,65,t_to_t+1
p04,Sleep_Composition,readiness,0.15162512905293618,0.22793038096579862,65,t_to_t+1
p04,Sleep_Composition,sleep_quality,0.07654370183845274,0.5444940631086902,65,t_to_t+1
p04,Sleep_Composition,stress,0.06500873776157218,0.606907775847847,65,t_to_t+1
p04,Sleep_Revitalization,fatigue,0.04556616574329568,0.7185290487194488,65,t_to_t+1
p04,Sleep_Revitalization,mood,0.04700464794059849,0.7100297775040013,65,t_to_t+1
p04,Sleep_Revitalization,readiness,0.3066132561267376,0.0129849578175812,65,t_to_t+1
p04,Sleep_Revitalization,sleep_quality,-0.09441269868076207,0.4544097929976218,65,t_to_t+1
p04,Sleep_Revitalization,stress,-0.07327242404905274,0.5618745170761853,65,t_to_t+1
p04,Sleep_Score,fatigue,0.04632693626817581,0.7140297256665196,65,t_to_t+1
p04,Sleep_Score,mood,0.03161072022148648,0.8026095972447713,65,t_to_t+1
p04,Sleep_Score,readiness,0.17579666393301632,0.16128794412051697,65,t_to_t+1
p04,Sleep_Score,sleep_quality,0.09764399149099962,0.4390443760793711,65,t_to_t+1
p04,Sleep_Score,stress,0.01489915538761194,0.9062288265134452,65,t_to_t+1
p05,Steps,fatigue,,,52,t_to_t+1
p05,Steps,mood,-0.002750145191102971,0.9845622827798372,52,t_to_t+1
p05,Steps,readiness,0.2133050715572545,0.1289369707980708,52,t_to_t+1
p05,Steps,sleep_quality,0.22734101963733536,0.10505414090912321,52,t_to_t+1
p05,Steps,stress,0.041843417260849794,0.7683519895346471,52,t_to_t+1
p05,Exercise_Count,fatigue,0.0,0.9999999999999984,55,t_to_t+1
p05,Exercise_Count,mood,-0.14556006637270674,0.28897741554501577,55,t_to_t+1
p05,Exercise_Count,readiness,0.012573545271584573,0.9274054545819488,55,t_to_t+1
p05,Exercise_Count,sleep_quality,0.14436890075426043,0.2929841827758714,55,t_to_t+1
p05,Exercise_Count,stress,-0.2030331885441875,0.13709863120768648,55,t_to_t+1
p05,Exercise_Duration,fatigue,0.0,0.9999999999999984,55,t_to_t+1
p05,Exercise_Duration,mood,-0.27027117155341857,0.045971346270836204,55,t_to_t+1
p05,Exercise_Duration,readiness,0.05996876771237549,0.6636227445132126,55,t_to_t+1
p05,Exercise_Duration,sleep_quality,0.12817303229391444,0.3510380535739279,55,t_to_t+1
p05,Exercise_Duration,stress,-0.23306020072439784,0.08682486126195067,55,t_to_t+1
p05,Exercise_Distance,fatigue,0.0,0.9999999999999984,55,t_to_t+1
p05,Exercise_Distance,mood,0.012683657235796026,0.9267714422042556,55,t_to_t+1
p05,Exercise_Distance,readiness,0.040622223185119384,0.7684030833109278,55,t_to_t+1
p05,Exercise_Distance,sleep_quality,0.4070400951821506,0.002041704778326142,55,t_to_t+1
p05,Exercise_Distance,stress,0.23196278794815198,0.08836267794761506,55,t_to_t+1
p05,Exercise_Calories,fatigue,0.0,0.9999999999999984,55,t_to_t+1
p05,Exercise_Calories,mood,-0.2696620433748199,0.04648265417056201,55,t_to_t+1
p05,Exercise_Calories,readiness,0.07662291538908664,0.5781991262416468,55,t_to_t+1
p05,Exercise_Calories,sleep_quality,0.13114965011759466,0.339869855945127,55,t_to_t+1
p05,Exercise_Calories,stress,-0.2106234345201727,0.12270484072109414,55,t_to_t+1
p05,Exercise_Avg_HR,fatigue,,,30,t_to_t+1
p05,Exercise_Avg_HR,mood,-0.14766178302692426,0.43616012974102875,30,t_to_t+1
p05,Exercise_Avg_HR,readiness,0.4941624269477079,0.005510429716916077,30,t_to_t+1
p05,Exercise_Avg_HR,sleep_quality,0.09120907000762145,0.6316923011371046,30,t_to_t+1
p05,Exercise_Avg_HR,stress,0.19892734438105875,0.29195134867475914,30,t_to_t+1
p05,Sleep_Hours,fatigue,,,40,t_to_t+1
p05,Sleep_Hours,mood,-0.03927719328753234,0.8098446544127078,40,t_to_t+1
p05,Sleep_Hours,readiness,0.040296119858302094,0.8050059085229337,40,t_to_t+1
p05,Sleep_Hours,sleep_quality,-0.050055204509097534,0.7590484436403033,40,t_to_t+1
p05,Sleep_Hours,stress,-0.07323547025554963,0.6533608058312458,40,t_to_t+1
p05,Sleep_Duration_Score,fatigue,,,39,t_to_t+1
p05,Sleep_Duration_Score,mood,-0.1896415772948137,0.24755471705110543,39,t_to_t+1
p05,Sleep_Duration_Score,readiness,0.03690322585196374,0.8235057124534858,39,t_to_t+1
p05,Sleep_Duration_Score,sleep_quality,-0.12154668269981307,0.4610603328365836,39,t_to_t+1
p05,Sleep_Duration_Score,stress,-0.24381590051390356,0.1347142372051301,39,t_to_t+1
p05,Deep_Sleep_Minutes,fatigue,,,40,t_to_t+1
p05,Deep_Sleep_Minutes,mood,-0.055616102646932314,0.7332110734608852,40,t_to_t+1
p05,Deep_Sleep_Minutes,readiness,-0.03407465443861346,0.8346560481692077,40,t_to_t+1
p05,Deep_Sleep_Minutes,sleep_quality,-0.025769500498060927,0.8745839849241163,40,t_to_t+1
p05,Deep_Sleep_Minutes,stress,-0.19374699792188327,0.23095657578664017,40,t_to_t+1
p05,Sleep_Restlessness,fatigue,,,39,t_to_t+1
p05,Sleep_Restlessness,mood,0.27337731783639496,0.09219266368098115,39,t_to_t+1
p05,Sleep_Restlessness,readiness,0.05321092247320541,0.7476659439692991,39,t_to_t+1
p05,Sleep_Restlessness,sleep_quality,0.09227382682411892,0.576369536458719,39,t_to_t+1
p05,Sleep_Restlessness,stress,0.24530872754149394,0.13226863612394565,39,t_to_t+1
p05,Sleep_Composition,fatigue,,,39,t_to_t+1
p05,Sleep_Composition,mood,-0.09425866053498536,0.5681579069055169,39,t_to_t+1
p05,Sleep_Composition,readiness,0.13080793706895932,0.4273488756256089,39,t_to_t+1
p05,Sleep_Composition,sleep_quality,0.03134887834527078,0.8497397355142234,39,t_to_t+1
p05,Sleep_Composition,stress,-0.14578603821492325,0.37585650058966347,39,t_to_t+1
p05,Sleep_Revitalization,fatigue,,,39,t_to_t+1
p05,Sleep_Revitalization,mood,-0.23395090495421464,0.15172396596253265,39,t_to_t+1
p05,Sleep_Revitalization,readiness,-0.0827229719175124,0.6166129937951236,39,t_to_t+1
p05,Sleep_Revitalization,sleep_quality,0.010168877484912943,0.9510088131180603,39,t_to_t+1
p05,Sleep_Revitalization,stress,-0.25150288268223187,0.12247249171395791,39,t_to_t+1
p05,Sleep_Score,fatigue,,,39,t_to_t+1
p05,Sleep_Score,mood,-0.25479943560658225,0.11748583842047075,39,t_to_t+1
p05,Sleep_Score,readiness,0.024558981745212746,0.8820246991573248,39,t_to_t+1
p05,Sleep_Score,sleep_quality,-0.057964016500639426,0.7259614432364783,39,t_to_t+1
p05,Sleep_Score,stress,-0.3120304985963697,0.053135285084586134,39,t_to_t+1
p06,Steps,fatigue,-0.06531470013025181,0.5883965452686213,71,t_to_t+1
p06,Steps,mood,0.16803443806760388,0.16129381657217612,71,t_to_t+1
p06,Steps,readiness,-0.4094045197925858,0.00039229944883399767,71,t_to_t+1
p06,Steps,sleep_quality,-0.059836206980781806,0.6201173664359708,71,t_to_t+1
p06,Steps,stress,-0.12148759643392978,0.3128562884796847,71,t_to_t+1
p06,Exercise_Count,fatigue,-0.03196359613174046,0.7913044890996137,71,t_to_t+1
p06,Exercise_Count,mood,-0.0972038394452279,0.4199960289803141,71,t_to_t+1
p06,Exercise_Count,readiness,-0.12682749938026802,0.29190038498177706,71,t_to_t+1
p06,Exercise_Count,sleep_quality,-0.07490625076136936,0.5347041376053061,71,t_to_t+1
p06,Exercise_Count,stress,0.19938893222653675,0.09550556815678561,71,t_to_t+1
p06,Exercise_Duration,fatigue,-0.02008650159042992,0.8679488896785024,71,t_to_t+1
p06,Exercise_Duration,mood,-0.11539091467073688,0.33793740211727885,71,t_to_t+1
p06,Exercise_Duration,readiness,-0.17116283210752534,0.15352225538775682,71,t_to_t+1
p06,Exercise_Duration,sleep_quality,-0.072881999301378,0.5458315176749696,71,t_to_t+1
p06,Exercise_Duration,stress,0.16805660557682484,0.16123774462115267,71,t_to_t+1
p06,Exercise_Distance,fatigue,0.15905772193219256,0.18520193483360953,71,t_to_t+1
p06,Exercise_Distance,mood,0.1005419972677504,0.40413374339545255,71,t_to_t+1
p06,Exercise_Distance,readiness,-0.25675671001006234,0.03066095914179368,71,t_to_t+1
p06,Exercise_Distance,sleep_quality,0.05382561717828652,0.6557303414049839,71,t_to_t+1
p06,Exercise_Distance,stress,-0.061985101862807805,0.6075881530746385,71,t_to_t+1
p06,Exercise_Calories,fatigue,0.021922078143829134,0.8560051707157671,71,t_to_t+1
p06,Exercise_Calories,mood,-0.05225760273553455,0.6651524716602792,71,t_to_t+1
p06,Exercise_Calories,readiness,-0.1938739344096896,0.10522674826303388,71,t_to_t+1
p06,Exercise_Calories,sleep_quality,-0.05340845590537792,0.6582318950825822,71,t_to_t+1
p06,Exercise_Calories,stress,0.1052598884504293,0.38232366763238435,71,t_to_t+1
p06,Exercise_Avg_HR,fatigue,0.14532074418906357,0.33523812316250834,46,t_to_t+1
p06,Exercise_Avg_HR,mood,0.2017727559579762,0.17872025874895137,46,t_to_t+1
p06,Exercise_Avg_HR,readiness,-0.17993305934870943,0.23147183935348487,46,t_to_t+1
p06,Exercise_Avg_HR,sleep_quality,0.03646051993620893,0.809894823443263,46,t_to_t+1
p06,Exercise_Avg_HR,stress,-0.3865691012429304,0.007960858730268808,46,t_to_t+1
p06,Sleep_Hours,fatigue,-0.03147720264597303,0.7958826695145653,70,t_to_t+1
p06,Sleep_Hours,mood,-0.00442311230354912,0.9710110545677683,70,t_to_t+1
p06,Sleep_Hours,readiness,0.062022639897788945,0.6100047595818957,70,t_to_t+1
p06,Sleep_Hours,sleep_quality,-0.10958102537264644,0.36650669989281304,70,t_to_t+1
p06,Sleep_Hours,stress,0.03352693442796581,0.7829066213152314,70,t_to_t+1
p06,Sleep_Duration_Score,fatigue,0.07694019838908212,0.526683618701799,70,t_to_t+1
p06,Sleep_Duration_Score,mood,0.10092337753097812,0.4058000527322196,70,t_to_t+1
p06,Sleep_Duration_Score,readiness,0.2325949530944449,0.0526653912083407,70,t_to_t+1
p06,Sleep_Duration_Score,sleep_quality,-0.07664885400041961,0.5282548294046568,70,t_to_t+1
p06,Sleep_Duration_Score,stress,0.10637642300194186,0.38077223063933474,70,t_to_t+1
p06,Deep_Sleep_Minutes,fatigue,-0.1427511785728593,0.2384435561456205,70,t_to_t+1
p06,Deep_Sleep_Minutes,mood,-0.09066765917976213,0.45538914230473315,70,t_to_t+1
p06,Deep_Sleep_Minutes,readiness,0.015248100455162414,0.9002979753854164,70,t_to_t+1
p06,Deep_Sleep_Minutes,sleep_quality,-0.14284187774596901,0.23814229387399213,70,t_to_t+1
p06,Deep_Sleep_Minutes,stress,-0.06361746564474355,0.6008290667143319,70,t_to_t+1
p06,Sleep_Restlessness,fatigue,-0.23021304216833113,0.05520518606121451,70,t_to_t+1
p06,Sleep_Restlessness,mood,-0.11410921431386614,0.34691343672038505,70,t_to_t+1
p06,Sleep_Restlessness,readiness,-0.10670409181140311,0.3792984738261965,70,t_to_t+1
p06,Sleep_Restlessness,sleep_quality,-0.27966593952525515,0.019041456611389895,70,t_to_t+1
p06,Sleep_Restlessness,stress,0.0335611853349556,0.7826902823268527,70,t_to_t+1
p06,Sleep_Composition,fatigue,-0.04961741709098141,0.6833428233082822,70,t_to_t+1
p06,Sleep_Composition,mood,0.005006442987820657,0.967189907656862,70,t_to_t+1
p06,Sleep_Composition,readiness,-0.09176629913431722,0.4499226825369792,70,t_to_t+1
p06,Sleep_Composition,sleep_quality,-0.0765951630988918,0.5285446372192166,70,t_to_t+1
p06,Sleep_Composition,stress,-0.13465727482492396,0.26639237836343665,70,t_to_t+1
p06,Sleep_Revitalization,fatigue,-0.09963318024213902,0.4118591497273534,70,t_to_t+1
p06,Sleep_Revitalization,mood,0.10941491132374172,0.3672380600833269,70,t_to_t+1
p06,Sleep_Revitalization,readiness,-0.270709227578618,0.023412410955641085,70,t_to_t+1
p06,Sleep_Revitalization,sleep_quality,-0.16886574956848896,0.162277819874801,70,t_to_t+1
p06,Sleep_Revitalization,stress,-0.17143168132854944,0.15589791393372965,70,t_to_t+1
p06,Sleep_Score,fatigue,-0.037612365149742595,0.7572219835835355,70,t_to_t+1
p06,Sleep_Score,mood,0.14832005932254316,0.22043143328615952,70,t_to_t+1
p06,Sleep_Score,readiness,-0.07026190153335952,0.5632751963580487,70,t_to_t+1
p06,Sleep_Score,sleep_quality,-0.2010094668921802,0.09520411842380702,70,t_to_t+1
p06,Sleep_Score,stress,-0.10063682139556389,0.40714127697669156,70,t_to_t+1
p07,Steps,fatigue,-0.044569254945481605,0.7397340718683967,58,t_to_t+1
p07,Steps,mood,0.10816107344180693,0.418990687990733,58,t_to_t+1
p07,Steps,readiness,0.24045849359169216,0.06903488411646647,58,t_to_t+1
p07,Steps,sleep_quality,-0.01715291137679468,0.8983085801807712,58,t_to_t+1
p07,Steps,stress,-0.04643493969083053,0.7292476451203695,58,t_to_t+1
p07,Exercise_Count,fatigue,-0.06685017716309805,0.6180673241672711,58,t_to_t+1
p07,Exercise_Count,mood,0.19469178570754775,0.14305568844299482,58,t_to_t+1
p07,Exercise_Count,readiness,0.15863792657690973,0.234282299617885,58,t_to_t+1
p07,Exercise_Count,sleep_quality,0.15297724945734692,0.2516124280357013,58,t_to_t+1
p07,Exercise_Count,stress,0.020454882268210992,0.8788679082913018,58,t_to_t+1
p07,Exercise_Duration,fatigue,-0.0022075847733898733,0.986878191208636,58,t_to_t+1
p07,Exercise_Duration,mood,0.07959107376968316,0.5525817576699695,58,t_to_t+1
p07,Exercise_Duration,readiness,-0.0018879698080238507,0.9887778394856587,58,t_to_t+1
p07,Exercise_Duration,sleep_quality,0.24790465771111803,0.060615239453666696,58,t_to_t+1
p07,Exercise_Duration,stress,-0.04756392674002744,0.7229256731273286,58,t_to_t+1
p07,Exercise_Distance,fatigue,-0.1323890210059729,0.32184881513077457,58,t_to_t+1
p07,Exercise_Distance,mood,-0.07618669977564169,0.5697517701856851,58,t_to_t+1
p07,Exercise_Distance,readiness,0.13039253738071588,0.32926467765783074,58,t_to_t+1
p07,Exercise_Distance,sleep_quality,-0.07694678653524802,0.5658968725221567,58,t_to_t+1
p07,Exercise_Distance,stress,-0.16813791265550204,0.2070821479561924,58,t_to_t+1
p07,Exercise_Calories,fatigue,-0.03365495806081552,0.8019687224779531,58,t_to_t+1
p07,Exercise_Calories,mood,0.016081413368462534,0.9046304753557234,58,t_to_t+1
p07,Exercise_Calories,readiness,0.04881382364495579,0.7159480594351949,58,t_to_t+1
p07,Exercise_Calories,sleep_quality,0.14232335478028132,0.2865394215488348,58,t_to_t+1
p07,Exercise_Calories,stress,-0.134701013705381,0.3133946549585893,58,t_to_t+1
p07,Exercise_Avg_HR,fatigue,-0.1975438883437581,0.16467846831853106,51,t_to_t+1
p07,Exercise_Avg_HR,mood,-0.30432750950880305,0.0299128153846857,51,t_to_t+1
p07,Exercise_Avg_HR,readiness,0.04472542358833934,0.7553133603972917,51,t_to_t+1
p07,Exercise_Avg_HR,sleep_quality,-0.32163649348018913,0.021361710460445403,51,t_to_t+1
p07,Exercise_Avg_HR,stress,-0.13735655176119646,0.3364668565115892,51,t_to_t+1
p07,Sleep_Hours,fatigue,0.07770865149643051,0.5620452272489329,58,t_to_t+1
p07,Sleep_Hours,mood,-0.11017426583536136,0.41033314208545413,58,t_to_t+1
p07,Sleep_Hours,readiness,-0.07216980799734546,0.590323698770038,58,t_to_t+1
p07,Sleep_Hours,sleep_quality,-0.1412022874772422,0.29039131361789416,58,t_to_t+1
p07,Sleep_Hours,stress,-0.042390666939746885,0.7520389497889897,58,t_to_t+1
p07,Sleep_Duration_Score,fatigue,0.04509746250078846,0.7367603079054033,58,t_to_t+1
p07,Sleep_Duration_Score,mood,0.18261237005773107,0.17005470066985257,58,t_to_t+1
p07,Sleep_Duration_Score,readiness,-0.07273946335301988,0.5873861319913555,58,t_to_t+1
p07,Sleep_Duration_Score,sleep_quality,-0.04680093072648435,0.7271962243235761,58,t_to_t+1
p07,Sleep_Duration_Score,stress,-0.1497626640834349,0.26183173811648397,58,t_to_t+1
p07,Deep_Sleep_Minutes,fatigue,-0.07982135496039737,0.5514293125940974,58,t_to_t+1
p07,Deep_Sleep_Minutes,mood,-0.020440984437742657,0.8789495925771841,58,t_to_t+1
p07,Deep_Sleep_Minutes,readiness,-0.08589647447221818,0.5214484853226767,58,t_to_t+1
p07,Deep_Sleep_Minutes,sleep_quality,0.07292554541815827,0.5864279828304915,58,t_to_t+1
p07,Deep_Sleep_Minutes,stress,0.014619725874228226,0.9132639258580908,58,t_to_t+1
p07,Sleep_Restlessness,fatigue,-0.15051919871925726,0.25940194358787055,58,t_to_t+1
p07,Sleep_Restlessness,mood,-0.05588420330875289,0.6769252993387072,58,t_to_t+1
p07,Sleep_Restlessness,readiness,-0.07801144648700108,0.5605178625898434,58,t_to_t+1
p07,Sleep_Restlessness,sleep_quality,-0.02646997024287707,0.8436432941946013,58,t_to_t+1
p07,Sleep_Restlessness,stress,0.1167090602591448,0.38295317649602545,58,t_to_t+1
p07,Sleep_Composition,fatigue,-0.21550257816827761,0.10423843622288993,58,t_to_t+1
p07,Sleep_Composition,mood,0.23951446730360862,0.07016601978537373,58,t_to_t+1
p07,Sleep_Composition,readiness,0.06561159734261812,0.6246056839929961,58,t_to_t+1
p07,Sleep_Composition,sleep_quality,0.2901297865372788,0.027159362300459552,58,t_to_t+1
p07,Sleep_Composition,stress,0.15779746658089935,0.23680196179295887,58,t_to_t+1
p07,Sleep_Revitalization,fatigue,0.35710737102641815,0.005926532060520482,58,t_to_t+1
p07,Sleep_Revitalization,mood,0.10307435715059193,0.4413255407390062,58,t_to_t+1
p07,Sleep_Revitalization,readiness,0.15648182352801576,0.24078350826835163,58,t_to_t+1
p07,Sleep_Revitalization,sleep_quality,-0.05289762829816794,0.6933130844846871,58,t_to_t+1
p07,Sleep_Revitalization,stress,-0.06341302902946655,0.6362826029447244,58,t_to_t+1
p07,Sleep_Score,fatigue,0.07614157597067821,0.5699810052520644,58,t_to_t+1
p07,Sleep_Score,mood,0.2538726243849115,0.054482278856891456,58,t_to_t+1
p07,Sleep_Score,readiness,0.02910210852666069,0.8283203972300672,58,t_to_t+1
p07,Sleep_Score,sleep_quality,0.05795478089813373,0.6656499077206061,58,t_to_t+1
p07,Sleep_Score,stress,-0.0673923418176167,0.6152144771514338,58,t_to_t+1
p08,Steps,fatigue,0.22793059794636863,0.187873422218738,35,t_to_t+1
p08,Steps,mood,0.26600172330295724,0.12246444680419472,35,t_to_t+1
p08,Steps,readiness,0.5053848991863724,0.001956535517312839,35,t_to_t+1
p08,Steps,sleep_quality,-0.13836344191070446,0.4279732708936523,35,t_to_t+1
p08,Steps,stress,0.17522728028788684,0.31401784008481426,35,t_to_t+1
p08,Exercise_Count,fatigue,0.1588960400160788,0.36191987531452496,35,t_to_t+1
p08,Exercise_Count,mood,0.08674607932003192,0.6202510562069019,35,t_to_t+1
p08,Exercise_Count,readiness,0.26939426382032255,0.11759045829816094,35,t_to_t+1
p08,Exercise_Count,sleep_quality,-0.007824761056139207,0.9644171164177284,35,t_to_t+1
p08,Exercise_Count,stress,0.10920727947639261,0.5323075761283987,35,t_to_t+1
p08,Exercise_Duration,fatigue,0.26609515919600113,0.1223282252495314,35,t_to_t+1
p08,Exercise_Duration,mood,0.15291991095411347,0.3804839829909909,35,t_to_t+1
p08,Exercise_Duration,readiness,0.3583562932740571,0.03452864323885103,35,t_to_t+1
p08,Exercise_Duration,sleep_quality,-0.08273758544596012,0.6365577720844364,35,t_to_t+1
p08,Exercise_Duration,stress,0.2351784890129814,0.17383969861712364,35,t_to_t+1
p08,Exercise_Distance,fatigue,0.30866528121410647,0.07121403125679297,35,t_to_t+1
p08,Exercise_Distance,mood,0.3260539081510592,0.05593874197913198,35,t_to_t+1
p08,Exercise_Distance,readiness,0.5068164932688296,0.0018901804999493527,35,t_to_t+1
p08,Exercise_Distance,sleep_quality,-0.0015116821544469208,0.993123573848276,35,t_to_t+1
p08,Exercise_Distance,stress,0.26027249134697955,0.1310348848354346,35,t_to_t+1
p08,Exercise_Calories,fatigue,0.26900078269302774,0.11814820172476721,35,t_to_t+1
p08,Exercise_Calories,mood,0.2533974103636183,0.14189538045382952,35,t_to_t+1
p08,Exercise_Calories,readiness,0.4001232966967983,0.017235434125916715,35,t_to_t+1
p08,Exercise_Calories,sleep_quality,-0.06950419355662966,0.6915596783086405,35,t_to_t+1
p08,Exercise_Calories,stress,0.22730619954806677,0.18911864376017032,35,t_to_t+1
p08,Exercise_Avg_HR,fatigue,0.14961213446751237,0.4217956717440355,31,t_to_t+1
p08,Exercise_Avg_HR,mood,0.2530658151302455,0.16956950361125586,31,t_to_t+1
p08,Exercise_Avg_HR,readiness,0.36046037308659185,0.046368762041128636,31,t_to_t+1
p08,Exercise_Avg_HR,sleep_quality,0.13062223967215592,0.4836794718247818,31,t_to_t+1
p08,Exercise_Avg_HR,stress,0.04594025673712866,0.8061446733665049,31,t_to_t+1
p08,Sleep_Hours,fatigue,-0.03090411919220929,0.8644392788032764,33,t_to_t+1
p08,Sleep_Hours,mood,-0.0473270061627648,0.7936788596842114,33,t_to_t+1
p08,Sleep_Hours,readiness,-0.0807848767816092,0.6549389129863444,33,t_to_t+1
p08,Sleep_Hours,sleep_quality,0.2847536204420549,0.10823793320022954,33,t_to_t+1
p08,Sleep_Hours,stress,-0.19099880225051352,0.2869941014461925,33,t_to_t+1
p08,Sleep_Duration_Score,fatigue,0.28827833009852755,0.1037520870838141,33,t_to_t+1
p08,Sleep_Duration_Score,mood,0.08219949365267863,0.6492791583232398,33,t_to_t+1
p08,Sleep_Duration_Score,readiness,0.28670731932847776,0.1057338157418516,33,t_to_t+1
p08,Sleep_Duration_Score,sleep_quality,0.32758901147559943,0.06274146950668276,33,t_to_t+1
p08,Sleep_Duration_Score,stress,0.07771959510483044,0.6672673507975602,33,t_to_t+1
p08,Deep_Sleep_Minutes,fatigue,0.21312065363876928,0.2337245876622749,33,t_to_t+1
p08,Deep_Sleep_Minutes,mood,0.18336652708737194,0.30704689310367667,33,t_to_t+1
p08,Deep_Sleep_Minutes,readiness,0.4045467278961137,0.019535289937885558,33,t_to_t+1
p08,Deep_Sleep_Minutes,sleep_quality,0.12547024589060962,0.48659354796982346,33,t_to_t+1
p08,Deep_Sleep_Minutes,stress,0.235069771566,0.18789008603486906,33,t_to_t+1
p08,Sleep_Restlessness,fatigue,-0.3922869475905662,0.023945955390790467,33,t_to_t+1
p08,Sleep_Restlessness,mood,-0.18341687862966335,0.30691178064806635,33,t_to_t+1
p08,Sleep_Restlessness,readiness,-0.5182214032412533,0.0020064271277362923,33,t_to_t+1
p08,Sleep_Restlessness,sleep_quality,-0.14279736205245055,0.42792126124043317,33,t_to_t+1
p08,Sleep_Restlessness,stress,-0.3661412279039687,0.03611660818915282,33,t_to_t+1
p08,Sleep_Composition,fatigue,0.024578928957720767,0.8920021187062819,33,t_to_t+1
p08,Sleep_Composition,mood,0.026982415672774485,0.8815122256935859,33,t_to_t+1
p08,Sleep_Composition,readiness,0.1694852143821264,0.3457201842972294,33,t_to_t+1
p08,Sleep_Composition,sleep_quality,-0.017819723494347555,0.9215931698592803,33,t_to_t+1
p08,Sleep_Composition,stress,0.1855408395401895,0.3012464881833588,33,t_to_t+1
p08,Sleep_Revitalization,fatigue,0.10718230351894384,0.5527202339440327,33,t_to_t+1
p08,Sleep_Revitalization,mood,0.1963145388262389,0.27353627004793446,33,t_to_t+1
p08,Sleep_Revitalization,readiness,0.36805547462702676,0.03508242855465441,33,t_to_t+1
p08,Sleep_Revitalization,sleep_quality,0.015997358734170748,0.9295906299213919,33,t_to_t+1
p08,Sleep_Revitalization,stress,0.35365570467126634,0.04348312101573039,33,t_to_t+1
p08,Sleep_Score,fatigue,0.21898063653879146,0.22081249056031704,33,t_to_t+1
p08,Sleep_Score,mood,0.13914429884135027,0.4399541155563447,33,t_to_t+1
p08,Sleep_Score,readiness,0.37048869376615223,0.033802683946284544,33,t_to_t+1
p08,Sleep_Score,sleep_quality,0.190664174917396,0.28785524423816766,33,t_to_t+1
p08,Sleep_Score,stress,0.24836253178352755,0.16341716759565802,33,t_to_t+1
p09,Steps,fatigue,0.12752979646011287,0.45856683604616766,36,t_to_t+1
p09,Steps,mood,0.19660402053722686,0.2504518050576525,36,t_to_t+1
p09,Steps,readiness,0.020503143500702682,0.9055212491632173,36,t_to_t+1
p09,Steps,sleep_quality,0.19474672672084875,0.255044652937906,36,t_to_t+1
p09,Steps,stress,0.20014289152563286,0.24185412221661867,36,t_to_t+1
p09,Exercise_Count,fatigue,0.0837825414368287,0.6271019385598389,36,t_to_t+1
p09,Exercise_Count,mood,0.035826921719977624,0.8356649966365408,36,t_to_t+1
p09,Exercise_Count,readiness,-0.005093297860561431,0.9764806330109974,36,t_to_t+1
p09,Exercise_Count,sleep_quality,0.22815709089532193,0.18077864826824283,36,t_to_t+1
p09,Exercise_Count,stress,0.16359036951031997,0.3404151920018382,36,t_to_t+1
p09,Exercise_Duration,fatigue,0.21611105996063507,0.20553903588542777,36,t_to_t+1
p09,Exercise_Duration,mood,0.04086634171703547,0.8129335138860005,36,t_to_t+1
p09,Exercise_Duration,readiness,0.02301438178510538,0.8940111157611886,36,t_to_t+1
p09,Exercise_Duration,sleep_quality,0.2916927794976796,0.08431974737858017,36,t_to_t+1
p09,Exercise_Duration,stress,0.0918261911323959,0.5942824793657288,36,t_to_t+1
p09,Exercise_Distance,fatigue,,,36,t_to_t+1
p09,Exercise_Distance,mood,,,36,t_to_t+1
p09,Exercise_Distance,readiness,,,36,t_to_t+1
p09,Exercise_Distance,sleep_quality,,,36,t_to_t+1
p09,Exercise_Distance,stress,,,36,t_to_t+1
p09,Exercise_Calories,fatigue,0.20632926988434747,0.22730563063590686,36,t_to_t+1
p09,Exercise_Calories,mood,0.03832996888528927,0.8243568234939892,36,t_to_t+1
p09,Exercise_Calories,readiness,0.008254584134539243,0.9618913089342226,36,t_to_t+1
p09,Exercise_Calories,sleep_quality,0.2851577266033317,0.09184044760919154,36,t_to_t+1
p09,Exercise_Calories,stress,0.10864258561636576,0.5282225396882766,36,t_to_t+1
p09,Exercise_Avg_HR,fatigue,-0.11621285990588055,0.719095156356214,12,t_to_t+1
p09,Exercise_Avg_HR,mood,-0.06903820499769674,0.8311763829764283,12,t_to_t+1
p09,Exercise_Avg_HR,readiness,-0.0814988741760383,0.80120198928052,12,t_to_t+1
p09,Exercise_Avg_HR,sleep_quality,0.1458311118422523,0.6511022372614867,12,t_to_t+1
p09,Exercise_Avg_HR,stress,0.21775374145772394,0.49658762855062866,12,t_to_t+1
p09,Sleep_Hours,fatigue,-0.19947921860022313,0.2737023190329789,32,t_to_t+1
p09,Sleep_Hours,mood,-0.19371305685300133,0.288093983294204,32,t_to_t+1
p09,Sleep_Hours,readiness,-0.3170426692643394,0.07705395577514072,32,t_to_t+1
p09,Sleep_Hours,sleep_quality,-0.030480521230661833,0.8684701182021739,32,t_to_t+1
p09,Sleep_Hours,stress,-0.1897594695931365,0.29823634253015485,32,t_to_t+1
p09,Sleep_Duration_Score,fatigue,-0.2046617187015336,0.2611724767683921,32,t_to_t+1
p09,Sleep_Duration_Score,mood,-0.20722701578346642,0.2551118813819624,32,t_to_t+1
p09,Sleep_Duration_Score,readiness,-0.38690715958906685,0.028698966698828085,32,t_to_t+1
p09,Sleep_Duration_Score,sleep_quality,-0.30525816184039134,0.08933427602068411,32,t_to_t+1
p09,Sleep_Duration_Score,stress,-0.05221758210913735,0.7765417367646974,32,t_to_t+1
p09,Deep_Sleep_Minutes,fatigue,0.08050734273575694,0.6613781161033138,32,t_to_t+1
p09,Deep_Sleep_Minutes,mood,0.06768561579431041,0.7128160399016663,32,t_to_t+1
p09,Deep_Sleep_Minutes,readiness,0.012927295781965335,0.9440176250431301,32,t_to_t+1
p09,Deep_Sleep_Minutes,sleep_quality,0.33779921239071237,0.058642690916969366,32,t_to_t+1
p09,Deep_Sleep_Minutes,stress,-0.17516480120155264,0.3376091559702811,32,t_to_t+1
p09,Sleep_Restlessness,fatigue,-0.15170182148522646,0.4072032092361464,32,t_to_t+1
p09,Sleep_Restlessness,mood,-0.3141406732411397,0.07994928236839277,32,t_to_t+1
p09,Sleep_Restlessness,readiness,-0.04909288374880419,0.789605381209833,32,t_to_t+1
p09,Sleep_Restlessness,sleep_quality,-0.032716726699075105,0.8589132058972988,32,t_to_t+1
p09,Sleep_Restlessness,stress,-0.04878917450865618,0.7908781791734791,32,t_to_t+1
p09,Sleep_Composition,fatigue,0.11162169271068736,0.543047362913193,32,t_to_t+1
p09,Sleep_Composition,mood,0.21182501793790265,0.2444828739700674,32,t_to_t+1
p09,Sleep_Composition,readiness,-0.15420801857086217,0.39940562374311617,32,t_to_t+1
p09,Sleep_Composition,sleep_quality,0.14694860930158637,0.42222617230201187,32,t_to_t+1
p09,Sleep_Composition,stress,0.10272125495351164,0.5758588944924015,32,t_to_t+1
p09,Sleep_Revitalization,fatigue,-0.07689993024103436,0.675709676550556,32,t_to_t+1
p09,Sleep_Revitalization,mood,-0.17069560657109248,0.35027138217058584,32,t_to_t+1
p09,Sleep_Revitalization,readiness,-0.3282095063707106,0.06666259091098325,32,t_to_t+1
p09,Sleep_Revitalization,sleep_quality,-0.3584059125353868,0.043982023847401214,32,t_to_t+1
p09,Sleep_Revitalization,stress,-0.17597603823831076,0.3353410624241565,32,t_to_t+1
p09,Sleep_Score,fatigue,-0.14329949692880162,0.43396555675347703,32,t_to_t+1
p09,Sleep_Score,mood,-0.15018785229652767,0.4119550801504759,32,t_to_t+1
p09,Sleep_Score,readiness,-0.3967019902276302,0.02457996314280976,32,t_to_t+1
p09,Sleep_Score,sleep_quality,-0.28478403101969885,0.11415262467375659,32,t_to_t+1
p09,Sleep_Score,stress,-0.06419941408194497,0.7270305768711387,32,t_to_t+1
p10,Steps,fatigue,-0.07408244901195081,0.6540022487259295,39,t_to_t+1
p10,Steps,mood,-0.06394495696458076,0.698948878445026,39,t_to_t+1
p10,Steps,readiness,0.12034157941693757,0.4655492174713239,39,t_to_t+1
p10,Steps,sleep_quality,0.3084690941372536,0.05605643891154391,39,t_to_t+1
p10,Steps,stress,0.2328340619665652,0.15374419783374857,39,t_to_t+1
p10,Exercise_Count,fatigue,-0.1086721159451765,0.5101967812000091,39,t_to_t+1
p10,Exercise_Count,mood,-0.3325095592800017,0.03861925972576582,39,t_to_t+1
p10,Exercise_Count,readiness,-0.11639661195948423,0.48040530074395776,39,t_to_t+1
p10,Exercise_Count,sleep_quality,0.15397196576549638,0.349341613610293,39,t_to_t+1
p10,Exercise_Count,stress,-0.1914526973911464,0.24298412558428176,39,t_to_t+1
p10,Exercise_Duration,fatigue,-0.0010280925423367345,0.9950439418951992,39,t_to_t+1
p10,Exercise_Duration,mood,-0.1553769810666505,0.34490808242085713,39,t_to_t+1
p10,Exercise_Duration,readiness,0.10087461817963451,0.5411813722864669,39,t_to_t+1
p10,Exercise_Duration,sleep_quality,0.410532421269933,0.009433839654320316,39,t_to_t+1
p10,Exercise_Duration,stress,0.013942238906344424,0.9328652897820908,39,t_to_t+1
p10,Exercise_Distance,fatigue,-0.330660034827881,0.03978054656144127,39,t_to_t+1
p10,Exercise_Distance,mood,0.004741341097866291,0.9771465848122903,39,t_to_t+1
p10,Exercise_Distance,readiness,-0.24642494726273945,0.13046166326317069,39,t_to_t+1
p10,Exercise_Distance,sleep_quality,-0.0667729461081206,0.6863002216727669,39,t_to_t+1
p10,Exercise_Distance,stress,-0.056900515756499334,0.7308001994178808,39,t_to_t+1
p10,Exercise_Calories,fatigue,-0.1237924375156084,0.45275737881101863,39,t_to_t+1
p10,Exercise_Calories,mood,-0.2212312161967738,0.1759029303843708,39,t_to_t+1
p10,Exercise_Calories,readiness,-0.06547680159536942,0.692087239790597,39,t_to_t+1
p10,Exercise_Calories,sleep_quality,0.3343791428011342,0.03747359528808478,39,t_to_t+1
p10,Exercise_Calories,stress,-0.08929396120969972,0.5887975457494362,39,t_to_t+1
p10,Exercise_Avg_HR,fatigue,-0.2228131249108272,0.2544274758319408,28,t_to_t+1
p10,Exercise_Avg_HR,mood,0.027189761409264754,0.8907618794809733,28,t_to_t+1
p10,Exercise_Avg_HR,readiness,-0.3210383468717642,0.09576305061584009,28,t_to_t+1
p10,Exercise_Avg_HR,sleep_quality,-0.06408313421218582,0.745961402618508,28,t_to_t+1
p10,Exercise_Avg_HR,stress,-0.13190532159387391,0.5034393392711622,28,t_to_t+1
p10,Sleep_Hours,fatigue,0.16855454993596858,0.3484141611381531,33,t_to_t+1
p10,Sleep_Hours,mood,0.32657949856633006,0.06360383339573761,33,t_to_t+1
p10,Sleep_Hours,readiness,-0.09965820097171763,0.5810886949726323,33,t_to_t+1
p10,Sleep_Hours,sleep_quality,0.44223080276566823,0.009970051012989157,33,t_to_t+1
p10,Sleep_Hours,stress,0.16514395294037093,0.3583947016658455,33,t_to_t+1
p10,Sleep_Duration_Score,fatigue,-0.23838043271078987,0.1815678194783487,33,t_to_t+1
p10,Sleep_Duration_Score,mood,-0.14706422562108795,0.41410020995006547,33,t_to_t+1
p10,Sleep_Duration_Score,readiness,-0.21741788215663851,0.22420733017774597,33,t_to_t+1
p10,Sleep_Duration_Score,sleep_quality,0.025423474644818943,0.8883140031699784,33,t_to_t+1
p10,Sleep_Duration_Score,stress,-0.06517256313458972,0.7185962099426975,33,t_to_t+1
p10,Deep_Sleep_Minutes,fatigue,0.15327060439370946,0.39445218140707344,33,t_to_t+1
p10,Deep_Sleep_Minutes,mood,0.2407776896208848,0.1770845369330542,33,t_to_t+1
p10,Deep_Sleep_Minutes,readiness,-0.16896556109727406,0.34722285513518103,33,t_to_t+1
p10,Deep_Sleep_Minutes,sleep_quality,0.10648945043780758,0.5553052922011834,33,t_to_t+1
p10,Deep_Sleep_Minutes,stress,0.03791438232657219,0.8340746410977,33,t_to_t+1
p10,Sleep_Restlessness,fatigue,-0.11137041748386417,0.5372149032334234,33,t_to_t+1
p10,Sleep_Restlessness,mood,-0.11523918422200452,0.5230791522125191,33,t_to_t+1
p10,Sleep_Restlessness,readiness,0.040766770583923105,0.8217841292935496,33,t_to_t+1
p10,Sleep_Restlessness,sleep_quality,-0.0322911424215484,0.8584149108216641,33,t_to_t+1
p10,Sleep_Restlessness,stress,-0.1544979768411368,0.3906311596644535,33,t_to_t+1
p10,Sleep_Composition,fatigue,-0.03592184869244831,0.8426832720598022,33,t_to_t+1
p10,Sleep_Composition,mood,0.026211434338078467,0.8848750676359269,33,t_to_t+1
p10,Sleep_Composition,readiness,-0.2199233436983293,0.2187816357563171,33,t_to_t+1
p10,Sleep_Composition,sleep_quality,0.028391154350160458,0.8753729168174201,33,t_to_t+1
p10,Sleep_Composition,stress,-0.036390075023179314,0.8406586808471489,33,t_to_t+1
p10,Sleep_Revitalization,fatigue,-0.25608333530926136,0.15029850576603035,33,t_to_t+1
p10,Sleep_Revitalization,mood,-0.2896633816897314,0.10202831855898145,33,t_to_t+1
p10,Sleep_Revitalization,readiness,-0.10145907864546126,0.5742401278392701,33,t_to_t+1
p10,Sleep_Revitalization,sleep_quality,-0.31375153580189336,0.07539169594964693,33,t_to_t+1
p10,Sleep_Revitalization,stress,-0.3455958160258288,0.048847474206855486,33,t_to_t+1
p10,Sleep_Score,fatigue,-0.2909253574994388,0.10047666846592367,33,t_to_t+1
p10,Sleep_Score,mood,-0.22776421531304575,0.20238377348993108,33,t_to_t+1
p10,Sleep_Score,readiness,-0.24942303878774283,0.16156821411768163,33,t_to_t+1
p10,Sleep_Score,sleep_quality,-0.11766352399402025,0.5143146030512264,33,t_to_t+1
p10,Sleep_Score,stress,-0.21057053548881408,0.23949929583110993,33,t_to_t+1
p11,Steps,fatigue,-0.14987549147720608,0.29887124803621923,50,t_to_t+1
p11,Steps,mood,0.06801002974529141,0.6388665768237685,50,t_to_t+1
p11,Steps,readiness,-0.06471884785156826,0.6552179180034325,50,t_to_t+1
p11,Steps,sleep_quality,-0.03225413220950602,0.8240333576974174,50,t_to_t+1
p11,Steps,stress,0.21304859206580223,0.13741356231276955,50,t_to_t+1
p11,Exercise_Count,fatigue,0.14684787823484927,0.3088500542561571,50,t_to_t+1
p11,Exercise_Count,mood,0.11016223710929636,0.4463078846961632,50,t_to_t+1
p11,Exercise_Count,readiness,0.05330800694176903,0.7131177161617471,50,t_to_t+1
p11,Exercise_Count,sleep_quality,-0.0015641696952637674,0.9913984916644101,50,t_to_t+1
p11,Exercise_Count,stress,0.1490196435274948,0.3016706896275787,50,t_to_t+1
p11,Exercise_Duration,fatigue,0.07587748976686778,0.6004730237358069,50,t_to_t+1
p11,Exercise_Duration,mood,0.07938927093121709,0.5836681650780426,50,t_to_t+1
p11,Exercise_Duration,readiness,0.089924788990532,0.5345721930720094,50,t_to_t+1
p11,Exercise_Duration,sleep_quality,-0.017125840513900318,0.9060330716958158,50,t_to_t+1
p11,Exercise_Duration,stress,0.10739216236449614,0.4578927384593764,50,t_to_t+1
p11,Exercise_Distance,fatigue,-0.21599634363588815,0.1319282336883974,50,t_to_t+1
p11,Exercise_Distance,mood,0.03994115246514666,0.7830142469511064,50,t_to_t+1
p11,Exercise_Distance,readiness,0.018810822073493896,0.8968356476538084,50,t_to_t+1
p11,Exercise_Distance,sleep_quality,0.13217178721834064,0.3602021123992082,50,t_to_t+1
p11,Exercise_Distance,stress,0.05402955185567122,0.7094045077361374,50,t_to_t+1
p11,Exercise_Calories,fatigue,0.1110049552341272,0.4428158551165024,50,t_to_t+1
p11,Exercise_Calories,mood,0.08740546953958302,0.5461264381937404,50,t_to_t+1
p11,Exercise_Calories,readiness,0.07203741732144879,0.6190871796207102,50,t_to_t+1
p11,Exercise_Calories,sleep_quality,-0.05508360113797741,0.7039921824975576,50,t_to_t+1
p11,Exercise_Calories,stress,0.1182359060139566,0.4134815757133383,50,t_to_t+1
p11,Exercise_Avg_HR,fatigue,0.12828571863630187,0.5596603838394553,23,t_to_t+1
p11,Exercise_Avg_HR,mood,,,23,t_to_t+1
p11,Exercise_Avg_HR,readiness,-0.04905480969132378,0.8241018072301378,23,t_to_t+1
p11,Exercise_Avg_HR,sleep_quality,-0.18452139577204923,0.3993086465445012,23,t_to_t+1
p11,Exercise_Avg_HR,stress,,,23,t_to_t+1
p11,Sleep_Hours,fatigue,0.04571474218953192,0.752578728737906,50,t_to_t+1
p11,Sleep_Hours,mood,-0.06427692113734527,0.6574259699052726,50,t_to_t+1
p11,Sleep_Hours,readiness,-0.31771342569843314,0.024553433931214563,50,t_to_t+1
p11,Sleep_Hours,sleep_quality,-0.017923858815027338,0.9016755155186074,50,t_to_t+1
p11,Sleep_Hours,stress,-0.22954866637658672,0.10880337439295075,50,t_to_t+1
p11,Sleep_Duration_Score,fatigue,-0.05051154633399821,0.7275704339305898,50,t_to_t+1
p11,Sleep_Duration_Score,mood,-0.17176762722697445,0.23296741922570907,50,t_to_t+1
p11,Sleep_Duration_Score,readiness,-0.06926423540028588,0.6326793257141066,50,t_to_t+1
p11,Sleep_Duration_Score,sleep_quality,0.054505109143313454,0.7069608419886333,50,t_to_t+1
p11,Sleep_Duration_Score,stress,0.006961948646793924,0.9617291287356802,50,t_to_t+1
p11,Deep_Sleep_Minutes,fatigue,0.038839550283516364,0.788859618531067,50,t_to_t+1
p11,Deep_Sleep_Minutes,mood,-0.027224058767150835,0.8511362003297962,50,t_to_t+1
p11,Deep_Sleep_Minutes,readiness,-0.24068852723580167,0.09223368757157444,50,t_to_t+1
p11,Deep_Sleep_Minutes,sleep_quality,-0.10300353269316276,0.476576390121699,50,t_to_t+1
p11,Deep_Sleep_Minutes,stress,-0.21430518830933698,0.135054763052972,50,t_to_t+1
p11,Sleep_Restlessness,fatigue,-0.10220440113394105,0.4800214906475425,50,t_to_t+1
p11,Sleep_Restlessness,mood,-0.22480328747691902,0.11651789407430418,50,t_to_t+1
p11,Sleep_Restlessness,readiness,-0.013061132297700045,0.9282681578172284,50,t_to_t+1
p11,Sleep_Restlessness,sleep_quality,-0.13429584230528485,0.3524653716785278,50,t_to_t+1
p11,Sleep_Restlessness,stress,-0.05672684362452159,0.695583443605925,50,t_to_t+1
p11,Sleep_Composition,fatigue,-0.0032186021744937416,0.9823016939031985,50,t_to_t+1
p11,Sleep_Composition,mood,-0.02016841616444498,0.8894349542198293,50,t_to_t+1
p11,Sleep_Composition,readiness,0.12899279892662405,0.37197250593102993,50,t_to_t+1
p11,Sleep_Composition,sleep_quality,0.0754576949600787,0.6024959494034448,50,t_to_t+1
p11,Sleep_Composition,stress,-0.11253989886276818,0.4364944461922218,50,t_to_t+1
p11,Sleep_Revitalization,fatigue,0.03449297821588025,0.8120331847212793,50,t_to_t+1
p11,Sleep_Revitalization,mood,0.1207841290044244,0.4034159770082085,50,t_to_t+1
p11,Sleep_Revitalization,readiness,-0.11953272872708726,0.40834119024139076,50,t_to_t+1
p11,Sleep_Revitalization,sleep_quality,0.019948014046102774,0.8906358214844692,50,t_to_t+1
p11,Sleep_Revitalization,stress,-0.15192234636892518,0.292244395825776,50,t_to_t+1
p11,Sleep_Score,fatigue,-0.01613437527175938,0.9114507435497008,50,t_to_t+1
p11,Sleep_Score,mood,-0.05752314125263533,0.6915215873495871,50,t_to_t+1
p11,Sleep_Score,readiness,-0.03687327731702371,0.7993216114974339,50,t_to_t+1
p11,Sleep_Score,sleep_quality,0.0767175575953816,0.5964338258150601,50,t_to_t+1
p11,Sleep_Score,stress,-0.11711282076204518,0.41796311827253674,50,t_to_t+1
p12,Steps,fatigue,-0.15167646917118682,0.5004299366998207,22,t_to_t+1
p12,Steps,mood,-0.11614780491217497,0.606742218397073,22,t_to_t+1
p12,Steps,readiness,-0.17558013763406113,0.43446569529280127,22,t_to_t+1
p12,Steps,sleep_quality,-0.11630945147735171,0.6062382156751682,22,t_to_t+1
p12,Steps,stress,-0.2216330176143439,0.3215535860867247,22,t_to_t+1
p12,Exercise_Count,fatigue,0.07888749217084537,0.7204995097591559,23,t_to_t+1
p12,Exercise_Count,mood,-0.1249363885627857,0.5700395566229769,23,t_to_t+1
p12,Exercise_Count,readiness,0.12510782401549564,0.5695062408630375,23,t_to_t+1
p12,Exercise_Count,sleep_quality,0.1132777930888471,0.6068136646164525,23,t_to_t+1
p12,Exercise_Count,stress,-0.10954630002665439,0.6187873477632111,23,t_to_t+1
p12,Exercise_Duration,fatigue,0.049873024050571015,0.821213512624659,23,t_to_t+1
p12,Exercise_Duration,mood,-0.08787588215579667,0.6901078835516876,23,t_to_t+1
p12,Exercise_Duration,readiness,0.05628113304529151,0.7986732799431361,23,t_to_t+1
p12,Exercise_Duration,sleep_quality,0.15194176246629176,0.48888349595109326,23,t_to_t+1
p12,Exercise_Duration,stress,-0.021099756485657185,0.9238715611753886,23,t_to_t+1
p12,Exercise_Distance,fatigue,,,23,t_to_t+1
p12,Exercise_Distance,mood,,,23,t_to_t+1
p12,Exercise_Distance,readiness,,,23,t_to_t+1
p12,Exercise_Distance,sleep_quality,,,23,t_to_t+1
p12,Exercise_Distance,stress,,,23,t_to_t+1
p12,Exercise_Calories,fatigue,0.005744488797101516,0.9792466843880201,23,t_to_t+1
p12,Exercise_Calories,mood,-0.14019586508245532,0.5234580106560486,23,t_to_t+1
p12,Exercise_Calories,readiness,0.02960225239653949,0.8933398654920035,23,t_to_t+1
p12,Exercise_Calories,sleep_quality,0.0939424236185449,0.6698510072264572,23,t_to_t+1
p12,Exercise_Calories,stress,-0.07520146358546102,0.7330850790768279,23,t_to_t+1
p12,Exercise_Avg_HR,fatigue,-0.008268204408356516,0.9786131802138945,13,t_to_t+1
p12,Exercise_Avg_HR,mood,-0.23440979915361093,0.4407948285969601,13,t_to_t+1
p12,Exercise_Avg_HR,readiness,-0.015073615056510017,0.9610193611388322,13,t_to_t+1
p12,Exercise_Avg_HR,sleep_quality,-0.4153943339413929,0.15807648965692125,13,t_to_t+1
p12,Exercise_Avg_HR,stress,-0.07555661645432964,0.8062063772030884,13,t_to_t+1
p12,Sleep_Hours,fatigue,,,0,t_to_t+1
p12,Sleep_Hours,mood,,,0,t_to_t+1
p12,Sleep_Hours,readiness,,,0,t_to_t+1
p12,Sleep_Hours,sleep_quality,,,0,t_to_t+1
p12,Sleep_Hours,stress,,,0,t_to_t+1
p12,Sleep_Duration_Score,fatigue,,,0,t_to_t+1
p12,Sleep_Duration_Score,mood,,,0,t_to_t+1
p12,Sleep_Duration_Score,readiness,,,0,t_to_t+1
p12,Sleep_Duration_Score,sleep_quality,,,0,t_to_t+1
p12,Sleep_Duration_Score,stress,,,0,t_to_t+1
p12,Deep_Sleep_Minutes,fatigue,,,0,t_to_t+1
p12,Deep_Sleep_Minutes,mood,,,0,t_to_t+1
p12,Deep_Sleep_Minutes,readiness,,,0,t_to_t+1
p12,Deep_Sleep_Minutes,sleep_quality,,,0,t_to_t+1
p12,Deep_Sleep_Minutes,stress,,,0,t_to_t+1
p12,Sleep_Restlessness,fatigue,,,0,t_to_t+1
p12,Sleep_Restlessness,mood,,,0,t_to_t+1
p12,Sleep_Restlessness,readiness,,,0,t_to_t+1
p12,Sleep_Restlessness,sleep_quality,,,0,t_to_t+1
p12,Sleep_Restlessness,stress,,,0,t_to_t+1
p12,Sleep_Composition,fatigue,,,0,t_to_t+1
p12,Sleep_Composition,mood,,,0,t_to_t+1
p12,Sleep_Composition,readiness,,,0,t_to_t+1
p12,Sleep_Composition,sleep_quality,,,0,t_to_t+1
p12,Sleep_Composition,stress,,,0,t_to_t+1
p12,Sleep_Revitalization,fatigue,,,0,t_to_t+1
p12,Sleep_Revitalization,mood,,,0,t_to_t+1
p12,Sleep_Revitalization,readiness,,,0,t_to_t+1
p12,Sleep_Revitalization,sleep_quality,,,0,t_to_t+1
p12,Sleep_Revitalization,stress,,,0,t_to_t+1
p12,Sleep_Score,fatigue,,,0,t_to_t+1
p12,Sleep_Score,mood,,,0,t_to_t+1
p12,Sleep_Score,readiness,,,0,t_to_t+1
p12,Sleep_Score,sleep_quality,,,0,t_to_t+1
p12,Sleep_Score,stress,,,0,t_to_t+1
p13,Steps,fatigue,,,8,t_to_t+1
p13,Steps,mood,,,8,t_to_t+1
p13,Steps,readiness,,,8,t_to_t+1
p13,Steps,sleep_quality,,,8,t_to_t+1
p13,Steps,stress,,,8,t_to_t+1
p13,Exercise_Count,fatigue,0.07160414376577556,0.8342839303830626,11,t_to_t+1
p13,Exercise_Count,mood,0.27348301713730944,0.41579999333871737,11,t_to_t+1
p13,Exercise_Count,readiness,0.04984447862792265,0.8842873595770875,11,t_to_t+1
p13,Exercise_Count,sleep_quality,0.08043618151097334,0.8141344673018893,11,t_to_t+1
p13,Exercise_Count,stress,-0.08043618151097337,0.8141344673018893,11,t_to_t+1
p13,Exercise_Duration,fatigue,0.22321537112994028,0.5094082986430604,11,t_to_t+1
p13,Exercise_Duration,mood,0.4462575539022793,0.16887189071928863,11,t_to_t+1
p13,Exercise_Duration,readiness,0.31273650565956157,0.34908200309728304,11,t_to_t+1
p13,Exercise_Duration,sleep_quality,0.25074794786986687,0.4570553345917798,11,t_to_t+1
p13,Exercise_Duration,stress,0.2571088881992186,0.4453272759293662,11,t_to_t+1
p13,Exercise_Distance,fatigue,,,11,t_to_t+1
p13,Exercise_Distance,mood,,,11,t_to_t+1
p13,Exercise_Distance,readiness,,,11,t_to_t+1
p13,Exercise_Distance,sleep_quality,,,11,t_to_t+1
p13,Exercise_Distance,stress,,,11,t_to_t+1
p13,Exercise_Calories,fatigue,0.23725661623213218,0.4823923774813392,11,t_to_t+1
p13,Exercise_Calories,mood,0.4554959271658008,0.1591629343471947,11,t_to_t+1
p13,Exercise_Calories,readiness,0.33970310623355415,0.3067396803810536,11,t_to_t+1
p13,Exercise_Calories,sleep_quality,0.26652111517949134,0.4282361772850865,11,t_to_t+1
p13,Exercise_Calories,stress,0.2968237153760957,0.3754185868475336,11,t_to_t+1
p13,Exercise_Avg_HR,fatigue,,,2,t_to_t+1
p13,Exercise_Avg_HR,mood,,,2,t_to_t+1
p13,Exercise_Avg_HR,readiness,,,2,t_to_t+1
p13,Exercise_Avg_HR,sleep_quality,,,2,t_to_t+1
p13,Exercise_Avg_HR,stress,,,2,t_to_t+1
p13,Sleep_Hours,fatigue,,,3,t_to_t+1
p13,Sleep_Hours,mood,,,3,t_to_t+1
p13,Sleep_Hours,readiness,,,3,t_to_t+1
p13,Sleep_Hours,sleep_quality,,,3,t_to_t+1
p13,Sleep_Hours,stress,,,3,t_to_t+1
p13,Sleep_Duration_Score,fatigue,,,3,t_to_t+1
p13,Sleep_Duration_Score,mood,,,3,t_to_t+1
p13,Sleep_Duration_Score,readiness,,,3,t_to_t+1
p13,Sleep_Duration_Score,sleep_quality,,,3,t_to_t+1
p13,Sleep_Duration_Score,stress,,,3,t_to_t+1
p13,Deep_Sleep_Minutes,fatigue,,,3,t_to_t+1
p13,Deep_Sleep_Minutes,mood,,,3,t_to_t+1
p13,Deep_Sleep_Minutes,readiness,,,3,t_to_t+1
p13,Deep_Sleep_Minutes,sleep_quality,,,3,t_to_t+1
p13,Deep_Sleep_Minutes,stress,,,3,t_to_t+1
p13,Sleep_Restlessness,fatigue,,,3,t_to_t+1
p13,Sleep_Restlessness,mood,,,3,t_to_t+1
p13,Sleep_Restlessness,readiness,,,3,t_to_t+1
p13,Sleep_Restlessness,sleep_quality,,,3,t_to_t+1
p13,Sleep_Restlessness,stress,,,3,t_to_t+1
p13,Sleep_Composition,fatigue,,,3,t_to_t+1
p13,Sleep_Composition,mood,,,3,t_to_t+1
p13,Sleep_Composition,readiness,,,3,t_to_t+1
p13,Sleep_Composition,sleep_quality,,,3,t_to_t+1
p13,Sleep_Composition,stress,,,3,t_to_t+1
p13,Sleep_Revitalization,fatigue,,,3,t_to_t+1
p13,Sleep_Revitalization,mood,,,3,t_to_t+1
p13,Sleep_Revitalization,readiness,,,3,t_to_t+1
p13,Sleep_Revitalization,sleep_quality,,,3,t_to_t+1
p13,Sleep_Revitalization,stress,,,3,t_to_t+1
p13,Sleep_Score,fatigue,,,3,t_to_t+1
p13,Sleep_Score,mood,,,3,t_to_t+1
p13,Sleep_Score,readiness,,,3,t_to_t+1
p13,Sleep_Score,sleep_quality,,,3,t_to_t+1
p13,Sleep_Score,stress,,,3,t_to_t+1
p14,Steps,fatigue,-0.153237949975119,0.26861184240947794,54,t_to_t+1
p14,Steps,mood,,,54,t_to_t+1
p14,Steps,readiness,0.05863359168826386,0.6736470074779375,54,t_to_t+1
p14,Steps,sleep_quality,0.06054820061476081,0.6636168603580475,54,t_to_t+1
p14,Steps,stress,-0.03674479035773845,0.7919425802810737,54,t_to_t+1
p14,Exercise_Count,fatigue,-0.14570201790503423,0.2885023313350523,55,t_to_t+1
p14,Exercise_Count,mood,,,55,t_to_t+1
p14,Exercise_Count,readiness,0.19850317851093102,0.14627168574892277,55,t_to_t+1
p14,Exercise_Count,sleep_quality,0.18954763115233586,0.16573571023657935,55,t_to_t+1
p14,Exercise_Count,stress,0.18577171624963196,0.17448611439151634,55,t_to_t+1
p14,Exercise_Duration,fatigue,-0.1710339011542649,0.21184408060146745,55,t_to_t+1
p14,Exercise_Duration,mood,,,55,t_to_t+1
p14,Exercise_Duration,readiness,-0.0028736975352019953,0.9833873035276653,55,t_to_t+1
p14,Exercise_Duration,sleep_quality,0.1393100835749425,0.3104024555292579,55,t_to_t+1
p14,Exercise_Duration,stress,-0.020857843834834362,0.8798579194916873,55,t_to_t+1
p14,Exercise_Distance,fatigue,0.013283215966302948,0.9233200526691222,55,t_to_t+1
p14,Exercise_Distance,mood,,,55,t_to_t+1
p14,Exercise_Distance,readiness,-0.23691200500878443,0.08159281763991683,55,t_to_t+1
p14,Exercise_Distance,sleep_quality,0.061547034738251516,0.6553194449141747,55,t_to_t+1
p14,Exercise_Distance,stress,-0.17643410419261532,0.19755388492293233,55,t_to_t+1
p14,Exercise_Calories,fatigue,-0.13474022549116094,0.32669618082942586,55,t_to_t+1
p14,Exercise_Calories,mood,,,55,t_to_t+1
p14,Exercise_Calories,readiness,-0.06050491420667431,0.6607974994223298,55,t_to_t+1
p14,Exercise_Calories,sleep_quality,0.11476022473844079,0.40411331333147205,55,t_to_t+1
p14,Exercise_Calories,stress,-0.07234565135896134,0.5996562670876955,55,t_to_t+1
p14,Exercise_Avg_HR,fatigue,0.13379709100586315,0.3699284086418559,47,t_to_t+1
p14,Exercise_Avg_HR,mood,,,47,t_to_t+1
p14,Exercise_Avg_HR,readiness,-0.32187774316237594,0.027359707064063647,47,t_to_t+1
p14,Exercise_Avg_HR,sleep_quality,0.1100727849715533,0.46140009857695186,47,t_to_t+1
p14,Exercise_Avg_HR,stress,-0.07780136170897686,0.6031990324962982,47,t_to_t+1
p14,Sleep_Hours,fatigue,0.0491744679429519,0.7541696298583984,43,t_to_t+1
p14,Sleep_Hours,mood,,,43,t_to_t+1
p14,Sleep_Hours,readiness,0.008069001558170615,0.9590437537561871,43,t_to_t+1
p14,Sleep_Hours,sleep_quality,0.14352115695327416,0.35853275019336056,43,t_to_t+1
p14,Sleep_Hours,stress,-0.1602866428640865,0.3045356715965724,43,t_to_t+1
p14,Sleep_Duration_Score,fatigue,0.021598267664202753,0.8961646785356794,39,t_to_t+1
p14,Sleep_Duration_Score,mood,,,39,t_to_t+1
p14,Sleep_Duration_Score,readiness,0.0596636011717967,0.71825040162543,39,t_to_t+1
p14,Sleep_Duration_Score,sleep_quality,0.022377372242134947,0.8924405304206577,39,t_to_t+1
p14,Sleep_Duration_Score,stress,-0.23253790291617735,0.15428318662777385,39,t_to_t+1
p14,Deep_Sleep_Minutes,fatigue,0.07990029557267272,0.6105294778826118,43,t_to_t+1
p14,Deep_Sleep_Minutes,mood,,,43,t_to_t+1
p14,Deep_Sleep_Minutes,readiness,0.06163854511795351,0.6945747718759727,43,t_to_t+1
p14,Deep_Sleep_Minutes,sleep_quality,-0.003669608394178402,0.981367727661351,43,t_to_t+1
p14,Deep_Sleep_Minutes,stress,0.037970812634620196,0.8089806049489013,43,t_to_t+1
p14,Sleep_Restlessness,fatigue,0.20650308626667202,0.20720063276682107,39,t_to_t+1
p14,Sleep_Restlessness,mood,,,39,t_to_t+1
p14,Sleep_Restlessness,readiness,0.10727272984750612,0.5156911803354085,39,t_to_t+1
p14,Sleep_Restlessness,sleep_quality,-0.1317900954837525,0.4238564811924837,39,t_to_t+1
p14,Sleep_Restlessness,stress,0.10274414717231861,0.5336712024880029,39,t_to_t+1
p14,Sleep_Composition,fatigue,-0.052727853949653854,0.7498829216240611,39,t_to_t+1
p14,Sleep_Composition,mood,,,39,t_to_t+1
p14,Sleep_Composition,readiness,-0.18008471911421634,0.27262502301291075,39,t_to_t+1
p14,Sleep_Composition,sleep_quality,0.12983465478408865,0.43082550554314164,39,t_to_t+1
p14,Sleep_Composition,stress,-0.2212901124684069,0.17578497898763534,39,t_to_t+1
p14,Sleep_Revitalization,fatigue,-0.17474120809123975,0.2873437997370613,39,t_to_t+1
p14,Sleep_Revitalization,mood,,,39,t_to_t+1
p14,Sleep_Revitalization,readiness,0.33524765897911923,0.03695088946358557,39,t_to_t+1
p14,Sleep_Revitalization,sleep_quality,-0.04470917709015709,0.7869605201775549,39,t_to_t+1
p14,Sleep_Revitalization,stress,0.004376968051704719,0.978902465652711,39,t_to_t+1
p14,Sleep_Score,fatigue,-0.04911871952462366,0.7665081715202836,39,t_to_t+1
p14,Sleep_Score,mood,,,39,t_to_t+1
p14,Sleep_Score,readiness,0.10505650770340814,0.5244525301381165,39,t_to_t+1
p14,Sleep_Score,sleep_quality,0.03426294924217562,0.8359543829807068,39,t_to_t+1
p14,Sleep_Score,stress,-0.22907871667612834,0.16068090655092723,39,t_to_t+1
p15,Steps,fatigue,0.027226541399484508,0.8804478262185607,33,t_to_t+1
p15,Steps,mood,-0.21313221578309424,0.2336986209273398,33,t_to_t+1
p15,Steps,readiness,-0.08394662758879232,0.6423155380684006,33,t_to_t+1
p15,Steps,sleep_quality,0.02306228457161588,0.8986308054162193,33,t_to_t+1
p15,Steps,stress,-0.04147699076059656,0.818730234027003,33,t_to_t+1
p15,Exercise_Count,fatigue,0.016516333439619724,0.9273123835004365,33,t_to_t+1
p15,Exercise_Count,mood,0.019059435815378507,0.9161569412915237,33,t_to_t+1
p15,Exercise_Count,readiness,-0.001806793596153565,0.9920380246190725,33,t_to_t+1
p15,Exercise_Count,sleep_quality,-0.12766371730798587,0.47894540973503064,33,t_to_t+1
p15,Exercise_Count,stress,0.03651914353307876,0.8401007695218063,33,t_to_t+1
p15,Exercise_Duration,fatigue,-0.21265660061795238,0.2347683818929868,33,t_to_t+1
p15,Exercise_Duration,mood,-0.33439858899776564,0.057162007909370045,33,t_to_t+1
p15,Exercise_Duration,readiness,-0.07963060398036183,0.6595710781490258,33,t_to_t+1
p15,Exercise_Duration,sleep_quality,0.04202615906273172,0.8163706388012214,33,t_to_t+1
p15,Exercise_Duration,stress,-0.11910382633436292,0.5091421859043969,33,t_to_t+1
p15,Exercise_Distance,fatigue,-0.21795163324918443,0.22304387524171965,33,t_to_t+1
p15,Exercise_Distance,mood,-0.163126960995127,0.3643766732012127,33,t_to_t+1
p15,Exercise_Distance,readiness,0.13224726716077748,0.46316727022255466,33,t_to_t+1
p15,Exercise_Distance,sleep_quality,0.12075195123187085,0.5032553896911703,33,t_to_t+1
p15,Exercise_Distance,stress,-0.17416984133026822,0.3323521641623583,33,t_to_t+1
p15,Exercise_Calories,fatigue,-0.16549030729943207,0.35737342964226454,33,t_to_t+1
p15,Exercise_Calories,mood,-0.32392373236568295,0.06591696796980254,33,t_to_t+1
p15,Exercise_Calories,readiness,0.014018710534355359,0.9382815772562283,33,t_to_t+1
p15,Exercise_Calories,sleep_quality,0.02701956682934685,0.8813502317579208,33,t_to_t+1
p15,Exercise_Calories,stress,-0.08871137425923933,0.6234772260021014,33,t_to_t+1
p15,Exercise_Avg_HR,fatigue,-0.24104190859230046,0.19145979917486405,31,t_to_t+1
p15,Exercise_Avg_HR,mood,0.008672864859822861,0.9630672643366749,31,t_to_t+1
p15,Exercise_Avg_HR,readiness,0.1664410840798229,0.37084732902609363,31,t_to_t+1
p15,Exercise_Avg_HR,sleep_quality,0.01707612937432251,0.9273533320912858,31,t_to_t+1
p15,Exercise_Avg_HR,stress,-0.006867219866199764,0.9707527741504832,31,t_to_t+1
p15,Sleep_Hours,fatigue,-0.07040973627028198,0.697008989552366,33,t_to_t+1
p15,Sleep_Hours,mood,-0.1135233176128497,0.5293261354630399,33,t_to_t+1
p15,Sleep_Hours,readiness,-0.028244809304941308,0.8760103655981583,33,t_to_t+1
p15,Sleep_Hours,sleep_quality,0.1891826257669249,0.29168780504638403,33,t_to_t+1
p15,Sleep_Hours,stress,0.025162602706501957,0.8894529844319429,33,t_to_t+1
p15,Sleep_Duration_Score,fatigue,0.2822568893264447,0.11150268620499193,33,t_to_t+1
p15,Sleep_Duration_Score,mood,-0.012032871833680923,0.9470111400590855,33,t_to_t+1
p15,Sleep_Duration_Score,readiness,0.12445325782064634,0.49016072110408293,33,t_to_t+1
p15,Sleep_Duration_Score,sleep_quality,0.1559095498238473,0.3862632331720808,33,t_to_t+1
p15,Sleep_Duration_Score,stress,-0.016809140654166756,0.9260272382690627,33,t_to_t+1
p15,Deep_Sleep_Minutes,fatigue,0.30484505396349487,0.0845261615528439,33,t_to_t+1
p15,Deep_Sleep_Minutes,mood,0.03639652645036702,0.8406307921098085,33,t_to_t+1
p15,Deep_Sleep_Minutes,readiness,0.3409190474314314,0.05219433774060179,33,t_to_t+1
p15,Deep_Sleep_Minutes,sleep_quality,0.16814165636731013,0.3496134061533368,33,t_to_t+1
p15,Deep_Sleep_Minutes,stress,0.088972065792261,0.6224531187683514,33,t_to_t+1
p15,Sleep_Restlessness,fatigue,0.20207407900335103,0.2594254797674588,33,t_to_t+1
p15,Sleep_Restlessness,mood,0.04462831135088676,0.8052118819373357,33,t_to_t+1
p15,Sleep_Restlessness,readiness,-0.20555367080635467,0.2511370772003092,33,t_to_t+1
p15,Sleep_Restlessness,sleep_quality,0.027247455263060924,0.8803566503263996,33,t_to_t+1
p15,Sleep_Restlessness,stress,0.15905538573293188,0.3766314348358039,33,t_to_t+1
p15,Sleep_Composition,fatigue,0.3296661710982442,0.060995998108894535,33,t_to_t+1
p15,Sleep_Composition,mood,-0.0016945501936907748,0.9925326320723211,33,t_to_t+1
p15,Sleep_Composition,readiness,0.2917217320517619,0.09950673569913039,33,t_to_t+1
p15,Sleep_Composition,sleep_quality,0.05093846445713459,0.7783123518503879,33,t_to_t+1
p15,Sleep_Composition,stress,0.03246870597159486,0.8576442433168446,33,t_to_t+1
p15,Sleep_Revitalization,fatigue,0.1667308127280773,0.35372994830098453,33,t_to_t+1
p15,Sleep_Revitalization,mood,0.01081556387620181,0.9523653685231971,33,t_to_t+1
p15,Sleep_Revitalization,readiness,0.10404018050623451,0.5644883232916517,33,t_to_t+1
p15,Sleep_Revitalization,sleep_quality,0.006323799135450829,0.9721379370547482,33,t_to_t+1
p15,Sleep_Revitalization,stress,0.17326580303148256,0.33490687132761293,33,t_to_t+1
p15,Sleep_Score,fatigue,0.3237303404846341,0.06608794927319227,33,t_to_t+1
p15,Sleep_Score,mood,-0.0028517306746169632,0.9874336087554556,33,t_to_t+1
p15,Sleep_Score,readiness,0.19653568638361704,0.2729854325521603,33,t_to_t+1
p15,Sleep_Score,sleep_quality,0.10622260373559768,0.5563024015474243,33,t_to_t+1
p15,Sleep_Score,stress,0.07181395369590687,0.6912595279072083,33,t_to_t+1
p16,Steps,fatigue,-0.1456867695926809,0.48714173251535436,25,t_to_t+1
p16,Steps,mood,-0.1372661558841384,0.5129175854067717,25,t_to_t+1
p16,Steps,readiness,0.014045616927134748,0.9468717042126858,25,t_to_t+1
p16,Steps,sleep_quality,0.019044748222672696,0.9280038939701022,25,t_to_t+1
p16,Steps,stress,0.16040779464898908,0.4437014148392124,25,t_to_t+1
p16,Exercise_Count,fatigue,-0.344828154104298,0.09139226050982094,25,t_to_t+1
p16,Exercise_Count,mood,-0.06866229106847607,0.7443333131316665,25,t_to_t+1
p16,Exercise_Count,readiness,-0.5062537962114352,0.009817479879268119,25,t_to_t+1
p16,Exercise_Count,sleep_quality,-0.24852679919425957,0.23094686793144276,25,t_to_t+1
p16,Exercise_Count,stress,-0.1464313756630379,0.4848943496944111,25,t_to_t+1
p16,Exercise_Duration,fatigue,-0.3437333422464728,0.09249407444576288,25,t_to_t+1
p16,Exercise_Duration,mood,-0.06844429178520267,0.7451186554636163,25,t_to_t+1
p16,Exercise_Duration,readiness,-0.5046464661469834,0.010092206091798154,25,t_to_t+1
p16,Exercise_Duration,sleep_quality,-0.23137531884261356,0.2657797656858251,25,t_to_t+1
p16,Exercise_Duration,stress,-0.1606812125306966,0.44291466571133864,25,t_to_t+1
p16,Exercise_Distance,fatigue,,,0,t_to_t+1
p16,Exercise_Distance,mood,,,0,t_to_t+1
p16,Exercise_Distance,readiness,,,0,t_to_t+1
p16,Exercise_Distance,sleep_quality,,,0,t_to_t+1
p16,Exercise_Distance,stress,,,0,t_to_t+1
p16,Exercise_Calories,fatigue,-0.3448073907049655,0.0914130647368209,25,t_to_t+1
p16,Exercise_Calories,mood,-0.06865815665383629,0.7443482050540329,25,t_to_t+1
p16,Exercise_Calories,readiness,-0.5062233127674092,0.009822631735442797,25,t_to_t+1
p16,Exercise_Calories,sleep_quality,-0.2462567361451457,0.23537405209146633,25,t_to_t+1
p16,Exercise_Calories,stress,-0.1484505717548277,0.47882645597321505,25,t_to_t+1
p16,Exercise_Avg_HR,fatigue,,,2,t_to_t+1
p16,Exercise_Avg_HR,mood,,,2,t_to_t+1
p16,Exercise_Avg_HR,readiness,,,2,t_to_t+1
p16,Exercise_Avg_HR,sleep_quality,,,2,t_to_t+1
p16,Exercise_Avg_HR,stress,,,2,t_to_t+1
p16,Sleep_Hours,fatigue,0.034641636024548186,0.8723322391470734,24,t_to_t+1
p16,Sleep_Hours,mood,0.15198203176464842,0.4783588476057795,24,t_to_t+1
p16,Sleep_Hours,readiness,0.1888834064951609,0.3767323615991456,24,t_to_t+1
p16,Sleep_Hours,sleep_quality,-0.02436100946953268,0.910038928306407,24,t_to_t+1
p16,Sleep_Hours,stress,0.15057324131929603,0.48249428117679105,24,t_to_t+1
p16,Sleep_Duration_Score,fatigue,-0.11111783444941364,0.6052194406886918,24,t_to_t+1
p16,Sleep_Duration_Score,mood,0.053436441122525914,0.8041453130516134,24,t_to_t+1
p16,Sleep_Duration_Score,readiness,0.07766552495800032,0.7183118554125322,24,t_to_t+1
p16,Sleep_Duration_Score,sleep_quality,-0.1064654442630741,0.620501426483403,24,t_to_t+1
p16,Sleep_Duration_Score,stress,-0.07068976707927432,0.7427366609967136,24,t_to_t+1
p16,Deep_Sleep_Minutes,fatigue,0.054527172916754275,0.8002255345583758,24,t_to_t+1
p16,Deep_Sleep_Minutes,mood,0.14256868590481803,0.5063297861216767,24,t_to_t+1
p16,Deep_Sleep_Minutes,readiness,0.2255003705585909,0.28938568443002755,24,t_to_t+1
p16,Deep_Sleep_Minutes,sleep_quality,-0.07799266257318128,0.7171727561550927,24,t_to_t+1
p16,Deep_Sleep_Minutes,stress,0.10972291320965868,0.6097849534266111,24,t_to_t+1
p16,Sleep_Restlessness,fatigue,-0.04010661124518554,0.8523922460714419,24,t_to_t+1
p16,Sleep_Restlessness,mood,0.0018978077735495105,0.9929779334698997,24,t_to_t+1
p16,Sleep_Restlessness,readiness,0.13121345306100454,0.5411016059567103,24,t_to_t+1
p16,Sleep_Restlessness,sleep_quality,0.3695486122480249,0.07552019397315277,24,t_to_t+1
p16,Sleep_Restlessness,stress,-0.028198665434218683,0.8959370065580261,24,t_to_t+1
p16,Sleep_Composition,fatigue,0.02852888228279042,0.8947249530278114,24,t_to_t+1
p16,Sleep_Composition,mood,0.08559417293410937,0.6908733048838648,24,t_to_t+1
p16,Sleep_Composition,readiness,0.11167740520405181,0.6033920045975816,24,t_to_t+1
p16,Sleep_Composition,sleep_quality,-0.08281373013502885,0.7004546603468195,24,t_to_t+1
p16,Sleep_Composition,stress,-0.1132304476299546,0.5983322439273007,24,t_to_t+1
p16,Sleep_Revitalization,fatigue,-0.22334790926087492,0.29413591694383034,24,t_to_t+1
p16,Sleep_Revitalization,mood,-0.2915213733513343,0.1669237360259689,24,t_to_t+1
p16,Sleep_Revitalization,readiness,-0.1783863672158897,0.40429313198229694,24,t_to_t+1
p16,Sleep_Revitalization,sleep_quality,-0.2497369644947044,0.23923257192073097,24,t_to_t+1
p16,Sleep_Revitalization,stress,-0.16032496102619542,0.45424248465279504,24,t_to_t+1
p16,Sleep_Score,fatigue,-0.13745268507707237,0.5218594524974864,24,t_to_t+1
p16,Sleep_Score,mood,-0.04798219231470597,0.823813331284917,24,t_to_t+1
p16,Sleep_Score,readiness,0.01599876754982202,0.9408528234202141,24,t_to_t+1
p16,Sleep_Score,sleep_quality,-0.18029075595151123,0.39921155798321184,24,t_to_t+1
p16,Sleep_Score,stress,-0.13647011934121567,0.5248678742496529,24,t_to_t+1
